timestamp,y_window,person,device
0 days 00:00:39.513000,-0.13379696810500002,4,glass
0 days 00:00:39.716000,-0.12965649570499999,4,glass
0 days 00:00:39.887000,-0.126820862905,4,glass
0 days 00:00:40.088000,-0.12226439777499999,4,glass
0 days 00:00:40.321000,-0.127428391475,4,glass
0 days 00:00:40.493000,-0.130454063875,4,glass
0 days 00:00:40.704000,-0.130151795975,4,glass
0 days 00:00:40.918000,-0.127182985975,4,glass
0 days 00:00:41.090000,-0.130896991445,4,glass
0 days 00:00:41.300000,-0.12338069434500001,4,glass
0 days 00:00:41.510000,-0.11379640594500001,4,glass
0 days 00:00:41.722000,-0.11780220444499999,4,glass
0 days 00:00:41.894000,-0.11939734124499997,4,glass
0 days 00:00:42.105000,-0.12853421358499997,4,glass
0 days 00:00:42.317000,-0.11132588888499999,4,glass
0 days 00:00:42.489000,-0.099148380885,4,glass
0 days 00:00:42.700000,-0.106483616585,4,glass
0 days 00:00:42.912000,-0.10426748362499998,4,glass
0 days 00:00:43.086000,-0.10370933527499998,4,glass
0 days 00:00:43.295000,-0.10825981471499997,4,glass
0 days 00:00:43.506000,-0.10363002721499998,4,glass
0 days 00:00:43.718000,-0.10281300589499999,4,glass
0 days 00:00:43.890000,-0.10534188159499999,4,glass
0 days 00:00:44.084000,-0.11045350239499997,4,glass
0 days 00:00:44.292000,-0.11903072969499996,4,glass
0 days 00:00:44.503000,-0.11992855539500001,4,glass
0 days 00:00:44.716000,-0.118279548995,4,glass
0 days 00:00:44.888000,-0.11962628739500002,4,glass
0 days 00:00:45.099000,-0.12258761581500004,4,glass
0 days 00:00:45.310000,-0.132118035115,4,glass
0 days 00:00:45.483000,-0.13420248711500002,4,glass
0 days 00:00:45.694000,-0.136233069515,4,glass
0 days 00:00:45.906000,-0.147090774925,4,glass
0 days 00:00:46.116000,-0.146893253325,4,glass
0 days 00:00:46.290000,-0.148590143875,4,glass
0 days 00:00:46.501000,-0.145132018945,4,glass
0 days 00:00:46.712000,-0.137745906745,4,glass
0 days 00:00:46.885000,-0.15078532730500002,4,glass
0 days 00:00:47.096000,-0.14844798786500002,4,glass
0 days 00:00:47.307000,-0.14805593726500002,4,glass
0 days 00:00:47.480000,-0.15517419836500002,4,glass
0 days 00:00:47.691000,-0.14574553296500004,4,glass
0 days 00:00:47.902000,-0.154215021565,4,glass
0 days 00:00:48.113000,-0.157719535565,4,glass
0 days 00:00:48.287000,-0.14953136556500002,4,glass
0 days 00:00:48.497000,-0.140829938465,4,glass
0 days 00:00:48.709000,-0.14605827646500003,4,glass
0 days 00:00:48.901000,-0.15787964746500002,4,glass
0 days 00:00:49.113000,-0.14306253196500002,4,glass
0 days 00:00:49.285000,-0.133478243265,4,glass
0 days 00:00:49.495000,-0.147460380265,4,glass
0 days 00:00:49.706000,-0.147041394965,4,glass
0 days 00:00:49.879000,-0.13830405466499998,4,glass
0 days 00:00:50.090000,-0.130653083865,4,glass
0 days 00:00:50.301000,-0.132625307565,4,glass
0 days 00:00:50.475000,-0.135727295265,4,glass
0 days 00:00:50.685000,-0.134818995015,4,glass
0 days 00:00:50.896000,-0.137879084115,4,glass
0 days 00:00:51.108000,-0.131531456815,4,glass
0 days 00:00:51.280000,-0.134224933715,4,glass
0 days 00:00:51.491000,-0.13675829841499998,4,glass
0 days 00:00:51.702000,-0.13817087741499998,4,glass
0 days 00:00:51.875000,-0.14538640311499998,4,glass
0 days 00:00:52.086000,-0.147533702895,4,glass
0 days 00:00:52.297000,-0.143508451295,4,glass
0 days 00:00:52.472000,-0.14313734999500002,4,glass
0 days 00:00:52.681000,-0.13718027709500002,4,glass
0 days 00:00:52.892000,-0.127802488195,4,glass
0 days 00:00:53.103000,-0.132686659595,4,glass
0 days 00:00:53.276000,-0.13297545999500002,4,glass
0 days 00:00:53.487000,-0.131580837695,4,glass
0 days 00:00:53.698000,-0.12780697679500003,4,glass
0 days 00:00:53.871000,-0.135181118195,4,glass
0 days 00:00:54.082000,-0.10650456669500001,4,glass
0 days 00:00:54.294000,-0.10532242959500002,4,glass
0 days 00:00:54.470000,-0.10569203450500002,4,glass
0 days 00:00:54.696000,-0.11701810490500002,4,glass
0 days 00:00:54.869000,-0.12147730560500002,4,glass
0 days 00:00:55.081000,-0.12110171530500001,4,glass
0 days 00:00:55.293000,-0.115419975455,4,glass
0 days 00:00:55.467000,-0.112877632455,4,glass
0 days 00:00:55.677000,-0.11613973235500001,4,glass
0 days 00:00:55.887000,-0.11055226465500001,4,glass
0 days 00:00:56.098000,-0.121990563159,4,glass
0 days 00:00:56.270000,-0.127298208959,4,glass
0 days 00:00:56.470000,-0.11101913405900002,4,glass
0 days 00:00:56.662000,-0.129179153729,4,glass
0 days 00:00:56.863000,-0.126772981129,4,glass
0 days 00:00:57.086000,-0.128685349704,4,glass
0 days 00:00:57.262000,-0.130636624004,4,glass
0 days 00:00:57.488000,-0.127302697804,4,glass
0 days 00:00:57.681000,-0.13210307240400002,4,glass
0 days 00:00:57.873000,-0.134203984474,4,glass
0 days 00:00:58.064000,-0.14066234359399998,4,glass
0 days 00:00:58.260000,-0.13153893879399997,4,glass
0 days 00:00:58.487000,-0.13016676201,4,glass
0 days 00:00:58.679000,-0.12890082783,4,glass
0 days 00:00:58.883000,-0.13575722313000002,4,glass
0 days 00:00:59.094000,-0.1154663622,4,glass
0 days 00:00:59.267000,-0.11955595799999999,4,glass
0 days 00:00:59.477000,-0.12299163719999999,4,glass
0 days 00:00:59.693000,-0.120571997,4,glass
0 days 00:00:59.880000,-0.11850400538,4,glass
0 days 00:01:00.093000,-0.11764059635999999,4,glass
0 days 00:01:00.264000,-0.11825411057,4,glass
0 days 00:01:00.475000,-0.11633874917,4,glass
0 days 00:01:00.686000,-0.12840253266999999,4,glass
0 days 00:01:00.859000,-0.13033136166999998,4,glass
0 days 00:01:01.070000,-0.12560281339999999,4,glass
0 days 00:01:01.281000,-0.1281182216,4,glass
0 days 00:01:01.495000,-0.13687800679999998,4,glass
0 days 00:01:01.667000,-0.14077606654,4,glass
0 days 00:01:01.878000,-0.13794342684,4,glass
0 days 00:01:02.088000,-0.13110648443999998,4,glass
0 days 00:01:02.262000,-0.15135245258999996,4,glass
0 days 00:01:02.472000,-0.15964836138999997,4,glass
0 days 00:01:02.685000,-0.16644939069,4,glass
0 days 00:01:02.857000,-0.16883760688999996,4,glass
0 days 00:01:03.066000,-0.17021876206499997,4,glass
0 days 00:01:03.277000,-0.171944084065,4,glass
0 days 00:01:03.489000,-0.183754980165,4,glass
0 days 00:01:03.661000,-0.18699613061499998,4,glass
0 days 00:01:03.873000,-0.190654770315,4,glass
0 days 00:01:04.083000,-0.174229050915,4,glass
0 days 00:01:04.256000,-0.153643405915,4,glass
0 days 00:01:04.467000,-0.14260912901500003,4,glass
0 days 00:01:04.678000,-0.14585027961500002,4,glass
0 days 00:01:04.853000,-0.15129708861500002,4,glass
0 days 00:01:05.063000,-0.156558346615,4,glass
0 days 00:01:05.275000,-0.15319150046500002,4,glass
0 days 00:01:05.485000,-0.144262624265,4,glass
0 days 00:01:05.657000,-0.128287313665,4,glass
0 days 00:01:05.868000,-0.120007864165,4,glass
0 days 00:01:06.080000,-0.11916390809500003,4,glass
0 days 00:01:06.252000,-0.11649736587199998,4,glass
0 days 00:01:06.464000,-0.121692783472,4,glass
0 days 00:01:06.674000,-0.13017573927199996,4,glass
0 days 00:01:06.850000,-0.11825111887199999,4,glass
0 days 00:01:07.059000,-0.12057798371199999,4,glass
0 days 00:01:07.270000,-0.12413935881199999,4,glass
0 days 00:01:07.481000,-0.12009166141199996,4,glass
0 days 00:01:07.654000,-0.12651859651199998,4,glass
0 days 00:01:07.865000,-0.12266692441199999,4,glass
0 days 00:01:08.076000,-0.10903793051199999,4,glass
0 days 00:01:08.249000,-0.12711265721199996,4,glass
0 days 00:01:08.460000,-0.126406367812,4,glass
0 days 00:01:08.671000,-0.105614222912,4,glass
0 days 00:01:08.881000,-0.10356119501199998,4,glass
0 days 00:01:09.055000,-0.112524487812,4,glass
0 days 00:01:09.267000,-0.11607389181200001,4,glass
0 days 00:01:09.478000,-0.110006087812,4,glass
0 days 00:01:09.651000,-0.12290484891200001,4,glass
0 days 00:01:09.862000,-0.136746328082,4,glass
0 days 00:01:10.073000,-0.15298649728199998,4,glass
0 days 00:01:10.247000,-0.13980043098199998,4,glass
0 days 00:01:10.459000,-0.134317708882,4,glass
0 days 00:01:10.645000,-0.152350536082,4,glass
0 days 00:01:10.861000,-0.154524769382,4,glass
0 days 00:01:11.071000,-0.163699051282,4,glass
0 days 00:01:11.245000,-0.155566247682,4,glass
0 days 00:01:11.455000,-0.15412374128200002,4,glass
0 days 00:01:11.666000,-0.158356989182,4,glass
0 days 00:01:11.877000,-0.16609175688199998,4,glass
0 days 00:01:12.051000,-0.166823484882,4,glass
0 days 00:01:12.262000,-0.178210906582,4,glass
0 days 00:01:12.473000,-0.173723274782,4,glass
0 days 00:01:12.647000,-0.16858022998200003,4,glass
0 days 00:01:12.857000,-0.16384868888200002,4,glass
0 days 00:01:13.067000,-0.16894534558200003,4,glass
0 days 00:01:13.241000,-0.174483433582,4,glass
0 days 00:01:13.451000,-0.197288204882,4,glass
0 days 00:01:13.663000,-0.19204041408199998,4,glass
0 days 00:01:13.875000,-0.187913408882,4,glass
0 days 00:01:14.056000,-0.166790564382,4,glass
0 days 00:01:14.240000,-0.17280749248200003,4,glass
0 days 00:01:14.450000,-0.18542194328200004,4,glass
0 days 00:01:14.661000,-0.17873164588200002,4,glass
0 days 00:01:14.872000,-0.183732534482,4,glass
0 days 00:01:15.034000,-0.16773477868199996,4,glass
0 days 00:01:15.235000,-0.16845752833200003,4,glass
0 days 00:01:15.458000,-0.167625543332,4,glass
0 days 00:01:15.634000,-0.17181390013200004,4,glass
0 days 00:01:15.859000,-0.173531739832,4,glass
0 days 00:01:16.033000,-0.184446306328,4,glass
0 days 00:01:16.233000,-0.187590192328,4,glass
0 days 00:01:16.454000,-0.187404641678,4,glass
0 days 00:01:16.633000,-0.190098118608,4,glass
0 days 00:01:16.837000,-0.18794632986799997,4,glass
0 days 00:01:17.031000,-0.18818575006800004,4,glass
0 days 00:01:17.235000,-0.18704850426800002,4,glass
0 days 00:01:17.445000,-0.18507328786800004,4,glass
0 days 00:01:17.655000,-0.18333599536800002,4,glass
0 days 00:01:17.867000,-0.18256536156800002,4,glass
0 days 00:01:18.039000,-0.18241871670800003,4,glass
0 days 00:01:18.251000,-0.16595558750800002,4,glass
0 days 00:01:18.463000,-0.17656788659200004,4,glass
0 days 00:01:18.635000,-0.16879870177200004,4,glass
0 days 00:01:18.846000,-0.17316063797200001,4,glass
0 days 00:01:19.058000,-0.17402853610200006,4,glass
0 days 00:01:19.249000,-0.17323246410200002,4,glass
0 days 00:01:19.460000,-0.17214609510200002,4,glass
0 days 00:01:19.632000,-0.18220323870199998,4,glass
0 days 00:01:19.847000,-0.164508592322,4,glass
0 days 00:01:20.035000,-0.16790985517199997,4,glass
0 days 00:01:20.246000,-0.16465822996199997,4,glass
0 days 00:01:20.458000,-0.16842311216199995,4,glass
0 days 00:01:20.630000,-0.155011093762,4,glass
0 days 00:01:20.842000,-0.12515988776200002,4,glass
0 days 00:01:21.053000,-0.11797877926199997,4,glass
0 days 00:01:21.263000,-0.12061988300199998,4,glass
0 days 00:01:21.436000,-0.129707375202,4,glass
0 days 00:01:21.649000,-0.148040974962,4,glass
0 days 00:01:21.860000,-0.16190938796200002,4,glass
0 days 00:01:22.032000,-0.172167045762,4,glass
0 days 00:01:22.243000,-0.155512380612,4,glass
0 days 00:01:22.435000,-0.16780810281200004,4,glass
0 days 00:01:22.648000,-0.18701708181200005,4,glass
0 days 00:01:22.859000,-0.19129522091200002,4,glass
0 days 00:01:23.031000,-0.171378454237,4,glass
0 days 00:01:23.241000,-0.18149545223700003,4,glass
0 days 00:01:23.453000,-0.155591686937,4,glass
0 days 00:01:23.626000,-0.157614787537,4,glass
0 days 00:01:23.837000,-0.166742680537,4,glass
0 days 00:01:24.048000,-0.15898546553700002,4,glass
0 days 00:01:24.240000,-0.16380678913699998,4,glass
0 days 00:01:24.451000,-0.19388544413700004,4,glass
0 days 00:01:24.624000,-0.17710807493699998,4,glass
0 days 00:01:24.836000,-0.18709788193699997,4,glass
0 days 00:01:25.045000,-0.19820248793699996,4,glass
0 days 00:01:25.256000,-0.158903162787,4,glass
0 days 00:01:25.429000,-0.158172931287,4,glass
0 days 00:01:25.642000,-0.184760541287,4,glass
0 days 00:01:25.852000,-0.147068325787,4,glass
0 days 00:01:26.025000,-0.16150087315699999,4,glass
0 days 00:01:26.236000,-0.16579547237999998,4,glass
0 days 00:01:26.448000,-0.15934160227999997,4,glass
0 days 00:01:26.641000,-0.17552939877999996,4,glass
0 days 00:01:26.850000,-0.15807267517999998,4,glass
0 days 00:01:27.024000,-0.16331298428,4,glass
0 days 00:01:27.254000,-0.18326865428000003,4,glass
0 days 00:01:27.426000,-0.16089783268000002,4,glass
0 days 00:01:27.638000,-0.16830639058,4,glass
0 days 00:01:27.849000,-0.19297115808,4,glass
0 days 00:01:28.021000,-0.15888670398,4,glass
0 days 00:01:28.232000,-0.16069432627999997,4,glass
0 days 00:01:28.443000,-0.16997634678,4,glass
0 days 00:01:28.618000,-0.12694655868,4,glass
0 days 00:01:28.828000,-0.13104214058,4,glass
0 days 00:01:29.038000,-0.14138509227999999,4,glass
0 days 00:01:29.250000,-0.13959542628,4,glass
0 days 00:01:29.423000,-0.14526669127999997,4,glass
0 days 00:01:29.634000,-0.13195044128,4,glass
0 days 00:01:29.845000,-0.12870330511,4,glass
0 days 00:01:30.018000,-0.13703812011,4,glass
0 days 00:01:30.229000,-0.13526042611,4,glass
0 days 00:01:30.440000,-0.16331897281,4,glass
0 days 00:01:30.614000,-0.16095769281,4,glass
0 days 00:01:30.825000,-0.12583026580999998,4,glass
0 days 00:01:31.035000,-0.11241076520999999,4,glass
0 days 00:01:31.246000,-0.13692589420999998,4,glass
0 days 00:01:31.419000,-0.10945841460999998,4,glass
0 days 00:01:31.630000,-0.10370185590999999,4,glass
0 days 00:01:31.841000,-0.09561244710999998,4,glass
0 days 00:01:32.013000,-0.10169970510999998,4,glass
0 days 00:01:32.224000,-0.10669011911,4,glass
0 days 00:01:32.436000,-0.10869675941000001,4,glass
0 days 00:01:32.646000,-0.10963798030999998,4,glass
0 days 00:01:32.820000,-0.12947244431,4,glass
0 days 00:01:33.031000,-0.10258256680999998,4,glass
0 days 00:01:33.242000,-0.08617330721,4,glass
0 days 00:01:33.415000,-0.08151808221000004,4,glass
0 days 00:01:33.615000,-0.08236503091000001,4,glass
0 days 00:01:33.806000,-0.10242544871000002,4,glass
0 days 00:01:34.008000,-0.13877691271,4,glass
0 days 00:01:34.229000,-0.11741464871000001,4,glass
0 days 00:01:34.420000,-0.11468675471,4,glass
0 days 00:01:34.612000,-0.14086735140999998,4,glass
0 days 00:01:34.806000,-0.10130915340999999,4,glass
0 days 00:01:35.016000,-0.12127380240999999,4,glass
0 days 00:01:35.207000,-0.12636297761,4,glass
0 days 00:01:35.405000,-0.13580810290999998,4,glass
0 days 00:01:35.642000,-0.15418210291,4,glass
0 days 00:01:35.837000,-0.14306253191,4,glass
0 days 00:01:36.007000,-0.12955025671,4,glass
0 days 00:01:36.207000,-0.14466365471,4,glass
0 days 00:01:36.417000,-0.12730120326000002,4,glass
0 days 00:01:36.608000,-0.12099397825999997,4,glass
0 days 00:01:36.802000,-0.14343662629999998,4,glass
0 days 00:01:37.023000,-0.1316421902,4,glass
0 days 00:01:37.236000,-0.13157335689999997,4,glass
0 days 00:01:37.409000,-0.1276932538,4,glass
0 days 00:01:37.620000,-0.10590601899999999,4,glass
0 days 00:01:37.833000,-0.10780940930000002,4,glass
0 days 00:01:38.004000,-0.09922769264000002,4,glass
0 days 00:01:38.214000,-0.10734553264,4,glass
0 days 00:01:38.414000,-0.12134263464,4,glass
0 days 00:01:38.625000,-0.12593202033999998,4,glass
0 days 00:01:38.799000,-0.10104279763999997,4,glass
0 days 00:01:38.999000,-0.11870302743999998,4,glass
0 days 00:01:39.220000,-0.09683798023999995,4,glass
0 days 00:01:39.412000,-0.10487052723999996,4,glass
0 days 00:01:39.603000,-0.10159795273999996,4,glass
0 days 00:01:39.797000,-0.08037933874,4,glass
0 days 00:01:40.001000,-0.08746168683999996,4,glass
0 days 00:01:40.198000,-0.09153033337999997,4,glass
0 days 00:01:40.398000,-0.07662044217999997,4,glass
0 days 00:01:40.633000,-0.10515334158000002,4,glass
0 days 00:01:40.805000,-0.12320412558,4,glass
0 days 00:01:41.016000,-0.12419173358,4,glass
0 days 00:01:41.228000,-0.14195371734,4,glass
0 days 00:01:41.401000,-0.11894244534000004,4,glass
0 days 00:01:41.612000,-0.11124807834,4,glass
0 days 00:01:41.823000,-0.10722582034,4,glass
0 days 00:01:41.997000,-0.057579056340000025,4,glass
0 days 00:01:42.207000,-0.06682965234000003,4,glass
0 days 00:01:42.418000,-0.06013336933999998,4,glass
0 days 00:01:42.618000,-0.007098809339999996,4,glass
0 days 00:01:42.821000,-0.004037224039999989,4,glass
0 days 00:01:43.033000,-0.024690207740000015,4,glass
0 days 00:01:43.205000,0.020094830260000012,4,glass
0 days 00:01:43.416000,-0.0003381844399999945,4,glass
0 days 00:01:43.628000,-0.00791882484000001,4,glass
0 days 00:01:43.800000,-0.006780082840000019,4,glass
0 days 00:01:44.011000,-0.032683849840000015,4,glass
0 days 00:01:44.203000,-0.045367133239999996,4,glass
0 days 00:01:44.414000,-0.039085346240000006,4,glass
0 days 00:01:44.625000,-0.07356783624000003,4,glass
0 days 00:01:44.798000,-0.03730316224000003,4,glass
0 days 00:01:45.009000,-0.026910831240000026,4,glass
0 days 00:01:45.220000,-0.08325687324,4,glass
0 days 00:01:45.393000,-0.07392098294000003,4,glass
0 days 00:01:45.604000,-0.06217592643999999,4,glass
0 days 00:01:45.815000,-0.10062830113999999,4,glass
0 days 00:01:46.028000,-0.06713790814000001,4,glass
0 days 00:01:46.199000,-0.055642747140000025,4,glass
0 days 00:01:46.411000,-0.05833921683999999,4,glass
0 days 00:01:46.622000,-0.030165448239999993,4,glass
0 days 00:01:46.794000,-0.06160580623999998,4,glass
0 days 00:01:47.006000,-0.046625585639999995,4,glass
0 days 00:01:47.217000,-0.036674685639999975,4,glass
0 days 00:01:47.390000,-0.06833949863999998,4,glass
0 days 00:01:47.601000,-0.06307075863999997,4,glass
0 days 00:01:47.812000,-0.03800346593999998,4,glass
0 days 00:01:48.023000,-0.07985261533999996,4,glass
0 days 00:01:48.196000,-0.08732551633999998,4,glass
0 days 00:01:48.407000,-0.08016086793999998,4,glass
0 days 00:01:48.618000,-0.12999467794,4,glass
0 days 00:01:48.791000,-0.12866589554000002,4,glass
0 days 00:01:49.002000,-0.11465233334000002,4,glass
0 days 00:01:49.217000,-0.12883947484000002,4,glass
0 days 00:01:49.386000,-0.07399579584000002,4,glass
0 days 00:01:49.597000,-0.09475801384,4,glass
0 days 00:01:49.808000,-0.10690409844,4,glass
0 days 00:01:50.019000,-0.07830984783999999,4,glass
0 days 00:01:50.192000,-0.08104522283999996,4,glass
0 days 00:01:50.403000,-0.07245303283999997,4,glass
0 days 00:01:50.614000,-0.06316053653999995,4,glass
0 days 00:01:50.787000,-0.07430554553999996,4,glass
0 days 00:01:50.997000,-0.09455450613999995,4,glass
0 days 00:01:51.210000,-0.07235127813999999,4,glass
0 days 00:01:51.384000,-0.06133196513999995,4,glass
0 days 00:01:51.593000,-0.09189245333999996,4,glass
0 days 00:01:51.805000,-0.08045565113999997,4,glass
0 days 00:01:52.017000,-0.10378116013999998,4,glass
0 days 00:01:52.188000,-0.11922974813999998,4,glass
0 days 00:01:52.400000,-0.09521291383999998,4,glass
0 days 00:01:52.611000,-0.09045443803999997,4,glass
0 days 00:01:52.784000,-0.11381436503999996,4,glass
0 days 00:01:52.996000,-0.12926594404,4,glass
0 days 00:01:53.208000,-0.15632491163999998,4,glass
0 days 00:01:53.380000,-0.16619201464,4,glass
0 days 00:01:53.590000,-0.13535170464,4,glass
0 days 00:01:53.801000,-0.13560758563999997,4,glass
0 days 00:01:54.012000,-0.14079103263999998,4,glass
0 days 00:01:54.191000,-0.11320533963999997,4,glass
0 days 00:01:54.396000,-0.10883592103999998,4,glass
0 days 00:01:54.608000,-0.11170896304,4,glass
0 days 00:01:54.780000,-0.09668684303999997,4,glass
0 days 00:01:54.991000,-0.10364648803999998,4,glass
0 days 00:01:55.202000,-0.10873715903999999,4,glass
0 days 00:01:55.412000,-0.04274996804,4,glass
0 days 00:01:55.585000,-0.025881322039999998,4,glass
0 days 00:01:55.797000,-0.05499780704000002,4,glass
0 days 00:01:56.008000,-0.009045595240000015,4,glass
0 days 00:01:56.181000,0.006133643159999987,4,glass
0 days 00:01:56.392000,-0.021185693840000006,4,glass
0 days 00:01:56.603000,0.013290809760000011,4,glass
0 days 00:01:56.776000,0.038266822560000004,4,glass
0 days 00:01:56.987000,0.015396211560000006,4,glass
0 days 00:01:57.199000,0.08165275156,4,glass
0 days 00:01:57.408000,0.07130531086,4,glass
0 days 00:01:57.582000,0.03009511486,4,glass
0 days 00:01:57.793000,0.09962273056000001,4,glass
0 days 00:01:58.005000,0.08119635556,4,glass
0 days 00:01:58.177000,0.051491795559999984,4,glass
0 days 00:01:58.388000,0.09542838956000001,4,glass
0 days 00:01:58.582000,0.07957428526000002,4,glass
0 days 00:01:58.772000,0.03616890326000002,4,glass
0 days 00:01:58.992000,0.056308628260000014,4,glass
0 days 00:01:59.169000,0.06331017126000002,4,glass
0 days 00:01:59.408000,0.07130680526000005,4,glass
0 days 00:01:59.580000,0.06861183176000002,4,glass
0 days 00:01:59.778000,0.029664154730000013,4,glass
0 days 00:01:59.981000,0.046751273730000015,4,glass
0 days 00:02:00.197000,0.04351012317000002,4,glass
0 days 00:02:00.385000,0.03185784265,4,glass
0 days 00:02:00.596000,0.03726873965,4,glass
0 days 00:02:00.769000,0.026535234650000007,4,glass
0 days 00:02:00.979000,0.01826476425,4,glass
0 days 00:02:01.190000,0.053660043250000004,4,glass
0 days 00:02:01.402000,0.04167407045000002,4,glass
0 days 00:02:01.574000,0.035289033450000014,4,glass
0 days 00:02:01.786000,0.04586242725500001,4,glass
0 days 00:02:01.997000,0.02164657425500001,4,glass
0 days 00:02:02.170000,0.0017058672550000176,4,glass
0 days 00:02:02.381000,-0.0021622647449999954,4,glass
0 days 00:02:02.591000,-0.00032621274499998964,4,glass
0 days 00:02:02.767000,-0.012478282045000004,4,glass
0 days 00:02:02.975000,-0.03501819534499999,4,glass
0 days 00:02:03.186000,-0.026007017344999998,4,glass
0 days 00:02:03.398000,-0.02403928264500001,4,glass
0 days 00:02:03.571000,-0.028902505645000014,4,glass
0 days 00:02:03.782000,0.0009352323549999864,4,glass
0 days 00:02:03.993000,0.011034274654999988,4,glass
0 days 00:02:04.185000,-0.0026725293450000367,4,glass
0 days 00:02:04.397000,0.02242169665499998,4,glass
0 days 00:02:04.569000,0.05113116705499997,4,glass
0 days 00:02:04.780000,0.00330848505499997,4,glass
0 days 00:02:04.972000,0.013979142654999983,4,glass
0 days 00:02:05.183000,0.03803338835499999,4,glass
0 days 00:02:05.376000,0.007190085354999991,4,glass
0 days 00:02:05.587000,0.01730857985499999,4,glass
0 days 00:02:05.797000,0.01052101755499998,4,glass
0 days 00:02:05.971000,-0.028139354445,4,glass
0 days 00:02:06.182000,-0.042214267444999995,4,glass
0 days 00:02:06.393000,-0.05000440104500001,4,glass
0 days 00:02:06.565000,-0.060930938885000036,4,glass
0 days 00:02:06.777000,-0.051847936285000035,4,glass
0 days 00:02:06.988000,-0.05741595128500003,4,glass
0 days 00:02:07.161000,-0.05700594528500003,4,glass
0 days 00:02:07.373000,-0.05332037128500001,4,glass
0 days 00:02:07.583000,-0.005421373285000035,4,glass
0 days 00:02:07.794000,-0.02411709698500002,4,glass
0 days 00:02:07.967000,-0.029330470585000035,4,glass
0 days 00:02:08.179000,0.020997144415000023,4,glass
0 days 00:02:08.390000,0.020646992414999996,4,glass
0 days 00:02:08.562000,0.005131068415000008,4,glass
0 days 00:02:08.773000,0.008861534014999999,4,glass
0 days 00:02:08.984000,0.012481267815000013,4,glass
0 days 00:02:09.157000,0.018264761314999985,4,glass
0 days 00:02:09.367000,-0.03948487968500001,4,glass
0 days 00:02:09.580000,-0.01767669488500002,4,glass
0 days 00:02:09.791000,0.02874388371499998,4,glass
0 days 00:02:09.965000,0.022105959414999977,4,glass
0 days 00:02:10.174000,0.009916479914999993,4,glass
0 days 00:02:10.385000,0.027044000734999976,4,glass
0 days 00:02:10.560000,-0.0011836365650000236,4,glass
0 days 00:02:10.770000,-0.01546953866500001,4,glass
0 days 00:02:10.981000,0.014773718334999996,4,glass
0 days 00:02:11.154000,-0.0007930816650000105,4,glass
0 days 00:02:11.364000,-0.027346274665000028,4,glass
0 days 00:02:11.578000,0.007336729534999968,4,glass
0 days 00:02:11.787000,0.013144164934999949,4,glass
0 days 00:02:11.959000,0.03305045593499996,4,glass
0 days 00:02:12.175000,0.06682366493499997,4,glass
0 days 00:02:12.382000,0.051035401934999974,4,glass
0 days 00:02:12.555000,0.014692917334999982,4,glass
0 days 00:02:12.766000,0.033036991334999974,4,glass
0 days 00:02:12.978000,0.054902039334999986,4,glass
0 days 00:02:13.151000,0.07494150703499998,4,glass
0 days 00:02:13.361000,0.09672874303499998,4,glass
0 days 00:02:13.573000,0.158859776035,4,glass
0 days 00:02:13.784000,0.11355100703499996,4,glass
0 days 00:02:13.957000,0.156296486035,4,glass
0 days 00:02:14.150000,0.11252000463499998,4,glass
0 days 00:02:14.359000,0.07199963603500001,4,glass
0 days 00:02:14.555000,0.09494207483499999,4,glass
0 days 00:02:14.762000,0.025724204834999976,4,glass
0 days 00:02:14.973000,0.045230963334999964,4,glass
0 days 00:02:15.148000,0.03362656633499996,4,glass
0 days 00:02:15.356000,-0.020148700065000053,4,glass
0 days 00:02:15.567000,-0.02054374306500005,4,glass
0 days 00:02:15.779000,-0.025028383065000034,4,glass
0 days 00:02:15.951000,-0.07061248606500001,4,glass
0 days 00:02:16.162000,-0.07589619016499999,4,glass
0 days 00:02:16.373000,-0.06736235816499998,4,glass
0 days 00:02:16.546000,-0.10066271016499999,4,glass
0 days 00:02:16.748000,-0.13719523596499997,4,glass
0 days 00:02:16.958000,-0.10581622996499997,4,glass
0 days 00:02:17.150000,-0.134863883965,4,glass
0 days 00:02:17.341000,-0.10623222396499997,4,glass
0 days 00:02:17.542000,-0.05806537496499995,4,glass
0 days 00:02:17.764000,-0.106099044965,4,glass
0 days 00:02:17.956000,-0.045708298964999984,4,glass
0 days 00:02:18.148000,-0.034769791964999984,4,glass
0 days 00:02:18.340000,-0.05530904946499998,4,glass
0 days 00:02:18.541000,-0.029532475464999975,4,glass
0 days 00:02:18.773000,-0.010534482864999974,4,glass
0 days 00:02:18.946000,0.010149923135000022,4,glass
0 days 00:02:19.159000,-0.055924056864999995,4,glass
0 days 00:02:19.351000,-0.04472218536500001,4,glass
0 days 00:02:19.561000,-0.020626042364999975,4,glass
0 days 00:02:19.772000,-0.03686770833499998,4,glass
0 days 00:02:19.944000,-0.03816805963499997,4,glass
0 days 00:02:20.157000,-0.054677575335000006,4,glass
0 days 00:02:20.371000,-0.07794173481499996,4,glass
0 days 00:02:20.561000,-0.043317089814999994,4,glass
0 days 00:02:20.770000,-0.04711339681499997,4,glass
0 days 00:02:20.943000,-0.08979453041499998,4,glass
0 days 00:02:21.154000,-0.10510993915499993,4,glass
0 days 00:02:21.364000,-0.10412682005499996,4,glass
0 days 00:02:21.538000,-0.08089258935499992,4,glass
0 days 00:02:21.750000,-0.06465990115999994,4,glass
0 days 00:02:21.960000,-0.12697498415999992,4,glass
0 days 00:02:22.173000,-0.10176853015999993,4,glass
0 days 00:02:22.345000,-0.10565461915999994,4,glass
0 days 00:02:22.557000,-0.11114781415999991,4,glass
0 days 00:02:22.768000,-0.07704390815999991,4,glass
0 days 00:02:22.940000,-0.05088725385999994,4,glass
0 days 00:02:23.151000,-0.045989613859999945,4,glass
0 days 00:02:23.362000,-0.05623230785999996,4,glass
0 days 00:02:23.536000,-0.04880579335999995,4,glass
0 days 00:02:23.745000,-0.09982772735999995,4,glass
0 days 00:02:23.956000,-0.10588206495999994,4,glass
0 days 00:02:24.168000,-0.06557567995999997,4,glass
0 days 00:02:24.340000,-0.11315295595999995,4,glass
0 days 00:02:24.551000,-0.09283516135999996,4,glass
0 days 00:02:24.763000,-0.10642973835999997,4,glass
0 days 00:02:24.935000,-0.10397867425999996,4,glass
0 days 00:02:25.147000,-0.14290240995999998,4,glass
0 days 00:02:25.357000,-0.10429141895999999,4,glass
0 days 00:02:25.550000,-0.10043525756,4,glass
0 days 00:02:25.761000,-0.05738751056,4,glass
0 days 00:02:25.934000,-0.08419509055999999,4,glass
0 days 00:02:26.146000,-0.07534103376,4,glass
0 days 00:02:26.356000,-0.09123853275999995,4,glass
0 days 00:02:26.531000,-0.025849891519999967,4,glass
0 days 00:02:26.739000,-0.058844982119999945,4,glass
0 days 00:02:26.952000,-0.009211684119999957,4,glass
0 days 00:02:27.163000,0.009702509880000073,4,glass
0 days 00:02:27.335000,0.0005895798800000507,4,glass
0 days 00:02:27.546000,-0.00794574811999993,4,glass
0 days 00:02:27.757000,0.014368212780000063,4,glass
0 days 00:02:27.930000,0.022569849480000088,4,glass
0 days 00:02:28.142000,-0.014161693519999949,4,glass
0 days 00:02:28.353000,-0.029028189919999944,4,glass
0 days 00:02:28.563000,-0.017874201919999957,4,glass
0 days 00:02:28.737000,-0.01002271641999992,4,glass
0 days 00:02:28.948000,-0.02867803641999993,4,glass
0 days 00:02:29.159000,-0.01725170941999994,4,glass
0 days 00:02:29.331000,-0.000258863419999954,4,glass
0 days 00:02:29.542000,0.009045602780000016,4,glass
0 days 00:02:29.754000,-0.028893516320000014,4,glass
0 days 00:02:29.927000,-0.04083609461999999,4,glass
0 days 00:02:30.138000,-0.02885161882,4,glass
0 days 00:02:30.350000,-0.03374476864000002,4,glass
0 days 00:02:30.548000,0.0048288125599999345,4,glass
0 days 00:02:30.753000,-0.005018838340000038,4,glass
0 days 00:02:30.925000,-0.008016080340000044,4,glass
0 days 00:02:31.135000,0.0018644908599999587,4,glass
0 days 00:02:31.345000,0.0025228958599999686,4,glass
0 days 00:02:31.560000,-0.009666583640000006,4,glass
0 days 00:02:31.732000,-0.02101809234000002,4,glass
0 days 00:02:31.944000,0.011201876659999985,4,glass
0 days 00:02:32.154000,-0.015851106340000018,4,glass
0 days 00:02:32.327000,0.008779243660000002,4,glass
0 days 00:02:32.538000,0.024290677659999992,4,glass
0 days 00:02:32.749000,0.032535709660000016,4,glass
0 days 00:02:32.922000,0.04778527666000001,4,glass
0 days 00:02:33.133000,0.04326023546,4,glass
0 days 00:02:33.344000,0.02918382546,4,glass
0 days 00:02:33.558000,-0.01388936153999997,4,glass
0 days 00:02:33.729000,0.05503820796000002,4,glass
0 days 00:02:33.939000,0.03193266556000001,4,glass
0 days 00:02:34.150000,0.04702661096000003,4,glass
0 days 00:02:34.323000,0.08705916096,4,glass
0 days 00:02:34.534000,0.08596231716,4,glass
0 days 00:02:34.745000,0.11706000566000004,4,glass
0 days 00:02:34.919000,0.08370129316000004,4,glass
0 days 00:02:35.129000,0.10911873736000002,4,glass
0 days 00:02:35.341000,0.11811494976000002,4,glass
0 days 00:02:35.551000,0.10264242076000002,4,glass
0 days 00:02:35.730000,0.13940688375999996,4,glass
0 days 00:02:35.935000,0.11662904775999998,4,glass
0 days 00:02:36.135000,0.11342680346,4,glass
0 days 00:02:36.315000,0.14380473446,4,glass
0 days 00:02:36.538000,0.14128633366,4,glass
0 days 00:02:36.712000,0.15139585066,4,glass
0 days 00:02:36.942000,0.17771411166,4,glass
0 days 00:02:37.113000,0.12459874765999998,4,glass
0 days 00:02:37.313000,0.09830742006000001,4,glass
0 days 00:02:37.536000,0.055885159059999995,4,glass
0 days 00:02:37.728000,0.03287239105999997,4,glass
0 days 00:02:37.912000,-0.018390460740000045,4,glass
0 days 00:02:38.131000,-0.008506895940000044,4,glass
0 days 00:02:38.323000,-0.029234697440000054,4,glass
0 days 00:02:38.534000,-0.02016067244000005,4,glass
0 days 00:02:38.726000,-0.020611081540000048,4,glass
0 days 00:02:38.930000,-0.06418854554000006,4,glass
0 days 00:02:39.141000,0.0032052384599999375,4,glass
0 days 00:02:39.314000,-0.021184195540000072,4,glass
0 days 00:02:39.545000,-0.052651487540000055,4,glass
0 days 00:02:39.716000,-0.013115735540000069,4,glass
0 days 00:02:39.928000,-0.013290811640000056,4,glass
0 days 00:02:40.138000,-0.010717046640000056,4,glass
0 days 00:02:40.312000,0.008254010059999964,4,glass
0 days 00:02:40.527000,-0.015866075440000037,4,glass
0 days 00:02:40.715000,-0.007568669640000017,4,glass
0 days 00:02:40.926000,0.02346467285999998,4,glass
0 days 00:02:41.137000,0.004733037600000005,4,glass
0 days 00:02:41.310000,0.006965630599999975,4,glass
0 days 00:02:41.521000,-0.015198692100000005,4,glass
0 days 00:02:41.732000,-0.04982782810000003,4,glass
0 days 00:02:41.946000,0.010503059900000025,4,glass
0 days 00:02:42.117000,0.0037005341999999924,4,glass
0 days 00:02:42.328000,-0.006313213800000017,4,glass
0 days 00:02:42.540000,-0.025198976100000006,4,glass
0 days 00:02:42.712000,-0.06628347910000003,4,glass
0 days 00:02:42.923000,-0.0809225264,4,glass
0 days 00:02:43.133000,-0.10611401940000004,4,glass
0 days 00:02:43.307000,-0.10472388640000001,4,glass
0 days 00:02:43.518000,-0.11036671990000002,4,glass
0 days 00:02:43.728000,-0.03515736389999998,4,glass
0 days 00:02:43.939000,-0.04063709260000001,4,glass
0 days 00:02:44.162000,-0.0735319286,4,glass
0 days 00:02:44.375000,0.0009217594000000106,4,glass
0 days 00:02:44.556000,-0.027041020399999987,4,glass
0 days 00:02:44.727000,0.001764218600000018,4,glass
0 days 00:02:44.938000,-0.005351049499999994,4,glass
0 days 00:02:45.111000,0.0116612515,4,glass
0 days 00:02:45.322000,-0.004320044799999999,4,glass
0 days 00:02:45.534000,-0.007731782499999993,4,glass
0 days 00:02:45.707000,-0.04458303570000002,4,glass
0 days 00:02:45.917000,-0.0012943696999999953,4,glass
0 days 00:02:46.128000,-0.0015307972000000013,4,glass
0 days 00:02:46.303000,0.0020500307999999933,4,glass
0 days 00:02:46.547000,-0.058988645200000016,4,glass
0 days 00:02:46.725000,-0.006968629200000014,4,glass
0 days 00:02:46.935000,-0.07614160520000003,4,glass
0 days 00:02:47.107000,-0.060230638200000006,4,glass
0 days 00:02:47.319000,-0.045845975400000016,4,glass
0 days 00:02:47.530000,-0.09833735240000002,4,glass
0 days 00:02:47.701000,-0.08605509830000001,4,glass
0 days 00:02:47.913000,-0.08091654304000002,4,glass
0 days 00:02:48.123000,-0.09673922304000003,4,glass
0 days 00:02:48.335000,-0.04751144304000002,4,glass
0 days 00:02:48.509000,-0.03976021524000001,4,glass
0 days 00:02:48.720000,-0.05913379674000002,4,glass
0 days 00:02:48.930000,-0.0034536437400000076,4,glass
0 days 00:02:49.104000,-0.012146091790000015,4,glass
0 days 00:02:49.337000,-0.018052287790000007,4,glass
0 days 00:02:49.506000,0.00035014620999999744,4,glass
0 days 00:02:49.717000,-0.006144125990000007,4,glass
0 days 00:02:49.929000,0.004978438179999985,4,glass
0 days 00:02:50.101000,-0.0009412254200000098,4,glass
0 days 00:02:50.312000,-0.0017537574200000195,4,glass
0 days 00:02:50.523000,-0.016226707620000013,4,glass
0 days 00:02:50.698000,0.015014631379999992,4,glass
0 days 00:02:50.908000,-0.002190700620000008,4,glass
0 days 00:02:51.119000,-0.006922241820000005,4,glass
0 days 00:02:51.330000,-0.00457442682,4,glass
0 days 00:02:51.503000,-0.005511157920000001,4,glass
0 days 00:02:51.714000,-0.014938327220000006,4,glass
0 days 00:02:51.924000,-0.023068139219999995,4,glass
0 days 00:02:52.098000,-0.00253037751999999,4,glass
0 days 00:02:52.309000,-0.04396203752,4,glass
0 days 00:02:52.520000,-0.008179198520000002,4,glass
0 days 00:02:52.696000,0.009596252679999988,4,glass
0 days 00:02:52.905000,-0.045979153320000014,4,glass
0 days 00:02:53.114000,-0.02446575482,4,glass
0 days 00:02:53.326000,-0.011366478820000001,4,glass
0 days 00:02:53.500000,-0.06046108102,4,glass
0 days 00:02:53.710000,-0.05523124652000002,4,glass
0 days 00:02:53.921000,-0.05507562352000002,4,glass
0 days 00:02:54.096000,-0.07776966352,4,glass
0 days 00:02:54.325000,-0.059727857520000004,4,glass
0 days 00:02:54.498000,-0.06694338252000001,4,glass
0 days 00:02:54.708000,-0.08008754982,4,glass
0 days 00:02:54.919000,-0.06572383482000001,4,glass
0 days 00:02:55.092000,-0.07409306602000003,4,glass
0 days 00:02:55.304000,-0.09535956202000001,4,glass
0 days 00:02:55.514000,-0.08084022502,4,glass
0 days 00:02:55.689000,-0.10275016302,4,glass
0 days 00:02:55.898000,-0.08828020702,4,glass
0 days 00:02:56.097000,-0.10046070902,4,glass
0 days 00:02:56.289000,-0.13380146461999998,4,glass
0 days 00:02:56.484000,-0.13319692862,4,glass
0 days 00:02:56.686000,-0.12194418062000001,4,glass
0 days 00:02:56.903000,-0.17257855321999999,4,glass
0 days 00:02:57.095000,-0.15765818705000004,4,glass
0 days 00:02:57.289000,-0.14063391645,4,glass
0 days 00:02:57.500000,-0.12700043445,4,glass
0 days 00:02:57.683000,-0.12088773775,4,glass
0 days 00:02:57.914000,-0.13043461695,4,glass
0 days 00:02:58.087000,-0.12500726095,4,glass
0 days 00:02:58.298000,-0.11967866495000001,4,glass
0 days 00:02:58.509000,-0.13930363755000003,4,glass
0 days 00:02:58.721000,-0.13616274455000002,4,glass
0 days 00:02:58.893000,-0.11298387875000002,4,glass
0 days 00:02:59.104000,-0.14452449324999997,4,glass
0 days 00:02:59.316000,-0.13896844875,4,glass
0 days 00:02:59.488000,-0.12438177435,4,glass
0 days 00:02:59.699000,-0.16481385534999998,4,glass
0 days 00:02:59.910000,-0.18418444294999997,4,glass
0 days 00:03:00.083000,-0.17855806794999998,4,glass
0 days 00:03:00.293000,-0.16911144615,4,glass
0 days 00:03:00.505000,-0.16595708565,4,glass
0 days 00:03:00.721000,-0.15277850145000002,4,glass
0 days 00:03:00.908000,-0.1435219193,4,glass
0 days 00:03:01.081000,-0.1159377233,4,glass
0 days 00:03:01.292000,-0.11967267791,4,glass
0 days 00:03:01.503000,-0.10082282861,4,glass
0 days 00:03:01.713000,-0.08853309161000002,4,glass
0 days 00:03:01.887000,-0.09589376500999998,4,glass
0 days 00:03:02.099000,-0.10785878790999998,4,glass
0 days 00:03:02.310000,-0.08535628500999998,4,glass
0 days 00:03:02.497000,-0.10074950570999996,4,glass
0 days 00:03:02.715000,-0.08300846911000001,4,glass
0 days 00:03:02.886000,-0.06353762341000001,4,glass
0 days 00:03:03.098000,-0.08493280801000001,4,glass
0 days 00:03:03.309000,-0.08136694401,4,glass
0 days 00:03:03.481000,-0.044220906010000005,4,glass
0 days 00:03:03.692000,-0.08328380217000002,4,glass
0 days 00:03:03.881000,-0.07968052897000001,4,glass
0 days 00:03:04.095000,-0.07158064497,4,glass
0 days 00:03:04.280000,-0.10837204445999998,4,glass
0 days 00:03:04.507000,-0.10898705505999999,4,glass
0 days 00:03:04.689000,-0.09519495645999998,4,glass
0 days 00:03:04.902000,-0.09389759865999998,4,glass
0 days 00:03:05.076000,-0.07663839696,4,glass
0 days 00:03:05.284000,-0.07727734945999998,4,glass
0 days 00:03:05.496000,-0.08603414216000002,4,glass
0 days 00:03:05.707000,-0.08702623945999999,4,glass
0 days 00:03:05.881000,-0.08891466616,4,glass
0 days 00:03:06.091000,-0.08466944706,4,glass
0 days 00:03:06.302000,-0.06776039806,4,glass
0 days 00:03:06.475000,-0.08117540905999998,4,glass
0 days 00:03:06.685000,-0.11006294905999998,4,glass
0 days 00:03:06.897000,-0.08530391145999999,4,glass
0 days 00:03:07.072000,-0.11596765006,4,glass
0 days 00:03:07.281000,-0.11701511315999999,4,glass
0 days 00:03:07.492000,-0.08499865116000001,4,glass
0 days 00:03:07.705000,-0.10602273415999999,4,glass
0 days 00:03:07.876000,-0.11245565462,4,glass
0 days 00:03:08.088000,-0.10677241861999999,4,glass
0 days 00:03:08.299000,-0.13534721592,4,glass
0 days 00:03:08.471000,-0.13656526601999996,4,glass
0 days 00:03:08.683000,-0.13204022442,4,glass
0 days 00:03:08.894000,-0.17895610342,4,glass
0 days 00:03:09.105000,-0.18161516367000005,4,glass
0 days 00:03:09.278000,-0.18233791367000005,4,glass
0 days 00:03:09.491000,-0.20646548267000003,4,glass
0 days 00:03:09.701000,-0.19843143957000003,4,glass
0 days 00:03:09.874000,-0.19628114724000004,4,glass
0 days 00:03:10.086000,-0.19919010231,4,glass
0 days 00:03:10.294000,-0.19506609000999997,4,glass
0 days 00:03:10.468000,-0.18643349571,4,glass
0 days 00:03:10.678000,-0.20594623910999998,4,glass
0 days 00:03:10.890000,-0.20552725351000004,4,glass
0 days 00:03:11.102000,-0.20380342811,4,glass
0 days 00:03:11.274000,-0.21821502691000003,4,glass
0 days 00:03:11.486000,-0.20909012585,4,glass
0 days 00:03:11.696000,-0.20900034334999998,4,glass
0 days 00:03:11.868000,-0.22849662634999998,4,glass
0 days 00:03:12.081000,-0.23195924055,4,glass
0 days 00:03:12.292000,-0.22746562295000003,4,glass
0 days 00:03:12.465000,-0.25507525644999995,4,glass
0 days 00:03:12.675000,-0.25461437285000005,4,glass
0 days 00:03:12.887000,-0.24667759485,4,glass
0 days 00:03:13.097000,-0.26185533705,4,glass
0 days 00:03:13.271000,-0.25520244875000003,4,glass
0 days 00:03:13.481000,-0.26182540895000006,4,glass
0 days 00:03:13.693000,-0.26821942374999996,4,glass
0 days 00:03:13.866000,-0.26402208886300005,4,glass
0 days 00:03:14.076000,-0.254458748863,4,glass
0 days 00:03:14.269000,-0.26909031386300003,4,glass
0 days 00:03:14.480000,-0.261155031863,4,glass
0 days 00:03:14.691000,-0.258528891863,4,glass
0 days 00:03:14.863000,-0.24817546606299998,4,glass
0 days 00:03:15.063000,-0.248208386663,4,glass
0 days 00:03:15.257000,-0.23473800966299996,4,glass
0 days 00:03:15.457000,-0.24226178766300002,4,glass
0 days 00:03:15.684000,-0.23051224256299999,4,glass
0 days 00:03:15.857000,-0.22453272386300005,4,glass
0 days 00:03:16.090000,-0.212913363863,4,glass
0 days 00:03:16.255000,-0.20225168426300003,4,glass
0 days 00:03:16.456000,-0.20552276242299997,4,glass
0 days 00:03:16.659000,-0.20834492742300004,4,glass
0 days 00:03:16.882000,-0.193330290323,4,glass
0 days 00:03:17.092000,-0.20445883849300003,4,glass
0 days 00:03:17.266000,-0.22348226749300004,4,glass
0 days 00:03:17.477000,-0.191383503493,4,glass
0 days 00:03:17.689000,-0.186256919193,4,glass
0 days 00:03:17.861000,-0.175215160313,4,glass
0 days 00:03:18.072000,-0.199592622113,4,glass
0 days 00:03:18.284000,-0.22714689111300002,4,glass
0 days 00:03:18.457000,-0.245951848513,4,glass
0 days 00:03:18.688000,-0.24921843761300003,4,glass
0 days 00:03:18.861000,-0.268620449413,4,glass
0 days 00:03:19.072000,-0.249059820913,4,glass
0 days 00:03:19.286000,-0.253746470913,4,glass
0 days 00:03:19.457000,-0.246559376513,4,glass
0 days 00:03:19.669000,-0.215639758513,4,glass
0 days 00:03:19.857000,-0.19897611501300003,4,glass
0 days 00:03:20.287000,-0.16052673301300005,4,glass
0 days 00:03:20.298000,-0.15226075151300003,4,glass
