timestamp,x_window,y_window,z_window,device,person
0 days 00:00:19.738000,0.12394332946800005,-0.18592622976599998,-0.4201360141150001,Glass,2
0 days 00:00:19.951000,0.12970587388800003,-0.18799122870600002,-0.4239293275250002,Glass,2
0 days 00:00:20.163000,0.11220874844800002,-0.18013974370599992,-0.4345057134050001,Glass,2
0 days 00:00:20.334000,0.12895169974800003,-0.17329980880599993,-0.4315099687250001,Glass,2
0 days 00:00:20.545000,0.144312000448,-0.16790537290599997,-0.40472034772500004,Glass,2
0 days 00:00:20.756000,0.14352490744800003,-0.153077782906,-0.381855720825,Glass,2
0 days 00:00:20.929000,0.13156287724800003,-0.15581016560599997,-0.41590725442500004,Glass,2
0 days 00:00:21.158000,0.11957391194800002,-0.16455049810599998,-0.42034550565800005,Glass,2
0 days 00:00:21.331000,0.099142392948,-0.17257855530599997,-0.397862455658,Glass,2
0 days 00:00:21.543000,0.104108865148,-0.16852337620599997,-0.3847152956579999,Glass,2
0 days 00:00:21.754000,0.092710969148,-0.14886249080599998,-0.37129429921800006,Glass,2
0 days 00:00:21.926000,0.090334724448,-0.17381156830599995,-0.36134788721800004,Glass,2
0 days 00:00:22.138000,0.09121908254800003,-0.165123609306,-0.349342461508,Glass,2
0 days 00:00:22.349000,0.073424179298,-0.173193565606,-0.340319313908,Glass,2
0 days 00:00:22.523000,0.05850979899800001,-0.171864783806,-0.325964577708,Glass,2
0 days 00:00:22.753000,0.07556998279800002,-0.16055367710600002,-0.31852010620800003,Glass,2
0 days 00:00:22.925000,0.086164324798,-0.15391575240600003,-0.32194082120800005,Glass,2
0 days 00:00:23.137000,0.116115787798,-0.154117763306,-0.354106921208,Glass,2
0 days 00:00:23.349000,0.08258200079800002,-0.127681287006,-0.34967914435800007,Glass,2
0 days 00:00:23.523000,0.07030573179800001,-0.117224610256,-0.348127402358,Glass,2
0 days 00:00:23.732000,0.063691748798,-0.11533019725600005,-0.353132779958,Glass,2
0 days 00:00:23.944000,0.03017142819800001,-0.09279327725600005,-0.3409807108580001,Glass,2
0 days 00:00:24.154000,-0.019559136801999992,-0.08340052465600001,-0.31525950285800003,Glass,2
0 days 00:00:24.327000,-0.01798195780199999,-0.14842255205600005,-0.27124509785800005,Glass,2
0 days 00:00:24.538000,-0.05058200680200001,-0.13844172405600005,-0.249046358858,Glass,2
0 days 00:00:24.750000,-0.071404080302,-0.14984710305600005,-0.23522134065800004,Glass,2
0 days 00:00:24.922000,-0.06968175180200001,-0.12078448705600003,-0.238175186858,Glass,2
0 days 00:00:25.134000,-0.081685681202,-0.11311705625600005,-0.23012169065799998,Glass,2
0 days 00:00:25.346000,-0.09876082820200001,-0.11146655355600003,-0.22286725965800006,Glass,2
0 days 00:00:25.518000,-0.09176377380199999,-0.09744700655600004,-0.21954680115800002,Glass,2
0 days 00:00:25.729000,-0.08595933118599998,-0.085905458596,-0.228260199158,Glass,2
0 days 00:00:25.940000,-0.095275768886,-0.09180267649600003,-0.218569667758,Glass,2
0 days 00:00:26.151000,-0.10475830418599998,-0.09394698319600002,-0.20304925555800002,Glass,2
0 days 00:00:26.325000,-0.10876410288599997,-0.10604219049600003,-0.18437897115800003,Glass,2
0 days 00:00:26.536000,-0.10177153718599996,-0.101934638496,-0.187826621558,Glass,2
0 days 00:00:26.738000,-0.11155185100599996,-0.10460567019600005,-0.175665573558,Glass,2
0 days 00:00:26.968000,-0.105094988506,-0.09882217699600003,-0.17451934955800003,Glass,2
0 days 00:00:27.147000,-0.115099759006,-0.11289409719600003,-0.18217780197800004,Glass,2
0 days 00:00:27.331000,-0.119440745806,-0.11279683309600003,-0.171145021478,Glass,2
0 days 00:00:27.533000,-0.11264570230599999,-0.12512248299600004,-0.17800590547800005,Glass,2
0 days 00:00:27.745000,-0.113576448206,-0.13030592987600004,-0.173117245078,Glass,2
0 days 00:00:27.917000,-0.10808025900599999,-0.13405584818600005,-0.168078947078,Glass,2
0 days 00:00:28.129000,-0.09777471720599999,-0.14331691838600005,-0.14968100397800002,Glass,2
0 days 00:00:28.342000,-0.09859323490600001,-0.12009465838600006,-0.159991034978,Glass,2
0 days 00:00:28.514000,-0.105708503206,-0.11933300268600004,-0.15179987217799998,Glass,2
0 days 00:00:28.724000,-0.117341330506,-0.12372785928600007,-0.14350845247799998,Glass,2
0 days 00:00:28.936000,-0.124434153206,-0.11527034148600004,-0.13155689687799998,Glass,2
0 days 00:00:29.150000,-0.12700642360599998,-0.10373926798600003,-0.11115081657799998,Glass,2
0 days 00:00:29.321000,-0.110716874006,-0.11606192498600004,-0.10668263787799996,Glass,2
0 days 00:00:29.532000,-0.11027843600600001,-0.13325977468600006,-0.09123704377799995,Glass,2
0 days 00:00:29.743000,-0.132150964006,-0.140499242066,-0.09861417782799997,Glass,2
0 days 00:00:29.916000,-0.119771444606,-0.144675627066,-0.11093234622799997,Glass,2
0 days 00:00:30.127000,-0.09720310060599997,-0.12820351956599998,-0.12399570892799998,Glass,2
0 days 00:00:30.340000,-0.133168500106,-0.135444483566,-0.11158326952799998,Glass,2
0 days 00:00:30.512000,-0.12594998110599998,-0.13688250106600003,-0.12076652902799999,Glass,2
0 days 00:00:30.722000,-0.09959730170600001,-0.13239486876600004,-0.11966220343799998,Glass,2
0 days 00:00:30.935000,-0.09675119480599997,-0.12964752216600003,-0.093935009638,Glass,2
0 days 00:00:31.145000,-0.117200670306,-0.11810747016600003,-0.058424510638,Glass,2
0 days 00:00:31.319000,-0.133636865756,-0.11117176686600005,-0.062482682437999995,Glass,2
0 days 00:00:31.530000,-0.141121737756,-0.10564116056600001,-0.04317194843800001,Glass,2
0 days 00:00:31.722000,-0.15491682875599994,-0.09321824616600001,-0.042723035738,Glass,2
0 days 00:00:31.915000,-0.15292365585599993,-0.09047538916600001,-0.03571550603800001,Glass,2
0 days 00:00:32.126000,-0.1496884907559999,-0.10684724066600002,-0.028420672757999976,Glass,2
0 days 00:00:32.317000,-0.14997429855599995,-0.123676982666,0.001343744041999999,Glass,2
0 days 00:00:32.526000,-0.13645304525599994,-0.125554934696,0.010380359042000006,Glass,2
0 days 00:00:32.728000,-0.12399721125599995,-0.130530385096,0.027865513742,Glass,2
0 days 00:00:32.920000,-0.12284350525599994,-0.120108125596,0.049175405142000014,Glass,2
0 days 00:00:33.113000,-0.13215545381599994,-0.14128334339600002,0.061876645542000015,Glass,2
0 days 00:00:33.304000,-0.14480282481599996,-0.13898790249600002,0.06665906344200001,Glass,2
0 days 00:00:33.505000,-0.15802779611599996,-0.150079042296,0.06226869604200002,Glass,2
0 days 00:00:33.734000,-0.15891514711599997,-0.14166940884600002,0.07582885584200001,Glass,2
0 days 00:00:33.903000,-0.16700754881599994,-0.14760553266600002,0.07756614834200001,Glass,2
0 days 00:00:34.130000,-0.16187348281599998,-0.14649671802599998,0.08797344384200002,Glass,2
0 days 00:00:34.322000,-0.15903635361600002,-0.14599243932599998,0.08943689964200001,Glass,2
0 days 00:00:34.516000,-0.15879543701600002,-0.159016896726,0.08191312094200003,Glass,2
0 days 00:00:34.738000,-0.153781080816,-0.153387529826,0.08130708894200002,Glass,2
0 days 00:00:34.910000,-0.15064916571599998,-0.15167118649599998,0.07658602244200001,Glass,2
0 days 00:00:35.122000,-0.15161881728600002,-0.16212636674400002,0.06847117481700002,Glass,2
0 days 00:00:35.333000,-0.150518980906,-0.161680446664,0.06593631381700002,Glass,2
0 days 00:00:35.506000,-0.14908395640600003,-0.16251841725399999,0.06810605908700001,Glass,2
0 days 00:00:35.718000,-0.14640095410600001,-0.160203523604,0.070150108897,Glass,2
0 days 00:00:35.929000,-0.135267916306,-0.13492225060399998,0.06543951719699999,Glass,2
0 days 00:00:36.103000,-0.12310537160599999,-0.137615727504,0.06979546795700001,Glass,2
0 days 00:00:36.314000,-0.11794287417999999,-0.13757981447999998,0.07282413312700001,Glass,2
0 days 00:00:36.524000,-0.11270855067999996,-0.12593800808,0.055590369587000005,Glass,2
0 days 00:00:36.736000,-0.12545168898,-0.09931598058,0.054366333987000005,Glass,2
0 days 00:00:36.950000,-0.14005631852999997,-0.10319458688,0.051901802887000005,Glass,2
0 days 00:00:37.102000,-0.14470406243,-0.11011831907600002,0.06830657398700002,Glass,2
0 days 00:00:37.311000,-0.13861530802999997,-0.10211569997599998,0.07746738758700002,Glass,2
0 days 00:00:37.522000,-0.15158739152999998,-0.120361012776,0.07557447188700002,Glass,2
0 days 00:00:37.733000,-0.12964902183,-0.11366024027599998,0.077070848287,Glass,2
0 days 00:00:37.905000,-0.13184420583,-0.09870545761599998,0.063383496587,Glass,2
0 days 00:00:38.117000,-0.13605800062999998,-0.08701876131599999,0.05559186621699999,Glass,2
0 days 00:00:38.329000,-0.13955203862999999,-0.092420679116,0.055392848417000005,Glass,2
0 days 00:00:38.503000,-0.12294525643000002,-0.08110658001599999,0.04974103611699999,Glass,2
0 days 00:00:38.712000,-0.15292066133000004,-0.07568520915600001,0.043558010417,Glass,2
0 days 00:00:38.923000,-0.16223410643000002,-0.066775785996,0.052440499116999995,Glass,2
0 days 00:00:39.098000,-0.16389358755,-0.064222968396,0.06839186741699999,Glass,2
0 days 00:00:39.308000,-0.17438767265,-0.071565685996,0.05634155041699998,Glass,2
0 days 00:00:39.519000,-0.15050401395,-0.055307559396,0.05065083241699999,Glass,2
0 days 00:00:39.740000,-0.14194025355,-0.062159465296,0.04574271886700001,Glass,2
0 days 00:00:39.921000,-0.14700249395,-0.06158336059600002,0.050400937667000004,Glass,2
0 days 00:00:40.098000,-0.12730270295,-0.069828392396,0.061854199917000016,Glass,2
0 days 00:00:40.306000,-0.14396634634999997,-0.074521027596,0.05960813966700001,Glass,2
0 days 00:00:40.518000,-0.15738435105,-0.07148787329599998,0.06745513596700001,Glass,2
0 days 00:00:40.728000,-0.13677476406999997,-0.083098254996,0.049438767567,Glass,2
0 days 00:00:40.901000,-0.13151051317,-0.08891317319599999,0.04864568836700001,Glass,2
0 days 00:00:41.113000,-0.12367099869000002,-0.08369231719600002,0.04691288500000001,Glass,2
0 days 00:00:41.324000,-0.11581652039000001,-0.09291597949600001,0.039004537499999985,Glass,2
0 days 00:00:41.497000,-0.11299285869000002,-0.082332112096,0.02500893249999998,Glass,2
0 days 00:00:41.709000,-0.09494656369000004,-0.087000805796,0.01039083519999999,Glass,2
0 days 00:00:41.920000,-0.09604640009000004,-0.07297078409600002,0.0012659336999999854,Glass,2
0 days 00:00:42.096000,-0.09810840624,-0.094579950396,0.0012883793399999929,Glass,2
0 days 00:00:42.304000,-0.09695769299000002,-0.094948058996,0.010606313139999981,Glass,2
0 days 00:00:42.515000,-0.09668235969000001,-0.09895385771600002,0.015731401239999995,Glass,2
0 days 00:00:42.726000,-0.09044097529000002,-0.104268985516,0.02172289106999998,Glass,2
0 days 00:00:42.899000,-0.08256854079000002,-0.10779444741600001,0.011885715069999995,Glass,2
0 days 00:00:43.111000,-0.10920702749,-0.10839898331600001,0.028085482069999994,Glass,2
0 days 00:00:43.322000,-0.08682423448999999,-0.125183834171,0.026707319570000006,Glass,2
0 days 00:00:43.494000,-0.06354511269000002,-0.13596372815100002,0.011715127569999992,Glass,2
0 days 00:00:43.706000,-0.04364330989000002,-0.16487969945099998,0.009698012470000003,Glass,2
0 days 00:00:43.917000,-0.01769465219000002,-0.17719637068100003,-0.001738788829999989,Glass,2
0 days 00:00:44.091000,0.024298151969999987,-0.18487726908099997,-0.014149732019999995,Glass,2
0 days 00:00:44.301000,0.05202001500399999,-0.181218629681,-0.02402730952,Glass,2
0 days 00:00:44.512000,0.075248260904,-0.186229993181,-0.030976479970000005,Glass,2
0 days 00:00:44.724000,0.09937732540399997,-0.164459217481,-0.040976761009999994,Glass,2
0 days 00:00:44.897000,0.10168324112399997,-0.17530345478100004,-0.042344448789999996,Glass,2
0 days 00:00:45.108000,0.115560633324,-0.182875117581,-0.04191199612,Glass,2
0 days 00:00:45.319000,0.12936919122399998,-0.17836504028099998,-0.05770025962,Glass,2
0 days 00:00:45.492000,0.12891130012399998,-0.189722534381,-0.053986254359999986,Glass,2
0 days 00:00:45.703000,0.12472444012399998,-0.20081367314100004,-0.04007145322,Glass,2
0 days 00:00:45.914000,0.134450884724,-0.19352332918999998,-0.04321384292,Glass,2
0 days 00:00:46.089000,0.14547019812399997,-0.19139248979,-0.055018753369999986,Glass,2
0 days 00:00:46.299000,0.148141229324,-0.17847277929,-0.06865822143999999,Glass,2
0 days 00:00:46.510000,0.138130473024,-0.17314119129000002,-0.06725312444,Glass,2
0 days 00:00:46.721000,0.138136458524,-0.16858472578999997,-0.07390002644,Glass,2
0 days 00:00:46.894000,0.140656355824,-0.16806847608999997,-0.08163329774,Glass,2
0 days 00:00:47.105000,0.14493748782399998,-0.15943887565,-0.07397484532,Glass,2
0 days 00:00:47.316000,0.15421202642399998,-0.16459538754999997,-0.06862679737,Glass,2
0 days 00:00:47.489000,0.143955865064,-0.15733197785000003,-0.05709722007000001,Glass,2
0 days 00:00:47.700000,0.146014878564,-0.15378855925,-0.058451440300000004,Glass,2
0 days 00:00:47.911000,0.14746636336399999,-0.15548395334,-0.05692364038,Glass,2
0 days 00:00:48.086000,0.14521282096399998,-0.16006585693999997,-0.058964697409999996,Glass,2
0 days 00:00:48.295000,0.145040737664,-0.16796522564,-0.06480505330999999,Glass,2
0 days 00:00:48.507000,0.146788504924,-0.16508619814,-0.07277475240999999,Glass,2
0 days 00:00:48.718000,0.155359746764,-0.16586431363999998,-0.07474248694999998,Glass,2
0 days 00:00:48.890000,0.16412252516399994,-0.16886604404,-0.07845499605,Glass,2
0 days 00:00:49.101000,0.17069610506399993,-0.17780240144,-0.08713697016999998,Glass,2
0 days 00:00:49.313000,0.157918550064,-0.16020801114000002,-0.08235155943999999,Glass,2
0 days 00:00:49.486000,0.145848780914,-0.16351799494000002,-0.08284685993999999,Glass,2
0 days 00:00:49.698000,0.15147814771399998,-0.16565332356000004,-0.08300996494,Glass,2
0 days 00:00:49.909000,0.157314014414,-0.15598224526,-0.06804470714,Glass,2
0 days 00:00:50.083000,0.150631198814,-0.16085893474000007,-0.07218817259999999,Glass,2
0 days 00:00:50.292000,0.15468787415399998,-0.14952837502000002,-0.06848913099999998,Glass,2
0 days 00:00:50.503000,0.137193741154,-0.15698930601999997,-0.06538415079999998,Glass,2
0 days 00:00:50.716000,0.136521868354,-0.14905552032000002,-0.06511480313,Glass,2
0 days 00:00:50.888000,0.141530239054,-0.14823550632000002,-0.06235548555999999,Glass,2
0 days 00:00:51.088000,0.143665567754,-0.15260791725000003,-0.06324582925999998,Glass,2
0 days 00:00:51.281000,0.14486117220400002,-0.15478963355,-0.06524049854999998,Glass,2
0 days 00:00:51.479000,0.133497692404,-0.15131953755,-0.05817161766999998,Glass,2
0 days 00:00:51.702000,0.133428859104,-0.15330223595,-0.05516390176999998,Glass,2
0 days 00:00:51.894000,0.132086609804,-0.13490728494999998,-0.05123142546999999,Glass,2
0 days 00:00:52.087000,0.13284377606400002,-0.12325500375,-0.05132719353999999,Glass,2
0 days 00:00:52.280000,0.129608611064,-0.12023681295,-0.047456068786000005,Glass,2
0 days 00:00:52.490000,0.118566852767,-0.12074109171999999,-0.04500799754600001,Glass,2
0 days 00:00:52.683000,0.110999679407,-0.12169577951999998,-0.046710873446,Glass,2
0 days 00:00:52.875000,0.10983400240699998,-0.1398034263,-0.049280151346,Glass,2
0 days 00:00:53.076000,0.11672930370699999,-0.1279970188,-0.05172223734600001,Glass,2
0 days 00:00:53.309000,0.12571953140699998,-0.1309598434,-0.05440224687600001,Glass,2
0 days 00:00:53.483000,0.13449577674699997,-0.11713482459999999,-0.054150855576,Glass,2
0 days 00:00:53.694000,0.134254860207,-0.1254621574,-0.056718637076,Glass,2
0 days 00:00:53.905000,0.138999868507,-0.11942577637,-0.05854271947600001,Glass,2
0 days 00:00:54.078000,0.13457658110700002,-0.12203695257,-0.067233671576,Glass,2
0 days 00:00:54.288000,0.13195941920700002,-0.12293028907,-0.06455815117600001,Glass,2
0 days 00:00:54.501000,0.131981864907,-0.11779322997000001,-0.05435137009599999,Glass,2
0 days 00:00:54.712000,0.13052888380699998,-0.12636297567,-0.051396027516000004,Glass,2
0 days 00:00:54.884000,0.13213748790699997,-0.12909535837,-0.048710032432000006,Glass,2
0 days 00:00:55.096000,0.134548149707,-0.11948563057,-0.042293571532000016,Glass,2
0 days 00:00:55.307000,0.13486238869,-0.12010812300000001,-0.040343793632,Glass,2
0 days 00:00:55.480000,0.13353510328999998,-0.11919533360000001,-0.042565912052000006,Glass,2
0 days 00:00:55.691000,0.13326126649,-0.1230619691,-0.045498809252,Glass,2
0 days 00:00:55.902000,0.12636746208,-0.14639496066,-0.039697359458,Glass,2
0 days 00:00:56.075000,0.12020837828,-0.14379725176,-0.040022073048,Glass,2
0 days 00:00:56.286000,0.11567435878,-0.14494347585,-0.040002620158,Glass,2
0 days 00:00:56.498000,0.11333253028,-0.14274380325,-0.040271967918,Glass,2
0 days 00:00:56.682000,0.11342829837999996,-0.14139856124999997,-0.035408745744,Glass,2
0 days 00:00:56.882000,0.11538406192999996,-0.14891934764999998,-0.03202992874399999,Glass,2
0 days 00:00:57.093000,0.11563545312999998,-0.150752408354,-0.03154510292399999,Glass,2
0 days 00:00:57.306000,0.10818649282999998,-0.150477075254,-0.03127425882399999,Glass,2
0 days 00:00:57.477000,0.10633248293,-0.149125847854,-0.027295394923999995,Glass,2
0 days 00:00:57.689000,0.09671976292999997,-0.14345308618400002,-0.023053169023999995,Glass,2
0 days 00:00:57.900000,0.09343671402999998,-0.14472051674400002,-0.023918074424000003,Glass,2
0 days 00:00:58.074000,0.09135824767999998,-0.145467208444,-0.024841338454,Glass,2
0 days 00:00:58.284000,0.08402899768,-0.13610587954400002,-0.018815432254000005,Glass,2
0 days 00:00:58.495000,0.08500463477999999,-0.14124293844400002,-0.018186954254,Glass,2
0 days 00:00:58.706000,0.09069834567999999,-0.147208989304,-0.024512135554000003,Glass,2
0 days 00:00:58.879000,0.09003545102999999,-0.148670948764,-0.021718401454,Glass,2
0 days 00:00:59.090000,0.08794800653,-0.147116213984,-0.018837877354000002,Glass,2
0 days 00:00:59.302000,0.08266879163,-0.14103793423400002,-0.016409258854000002,Glass,2
0 days 00:00:59.474000,0.06744915093,-0.14337527373400002,-0.020462941554000004,Glass,2
0 days 00:00:59.686000,0.06855946193000001,-0.147026431834,-0.028309937403999993,Glass,2
0 days 00:00:59.882000,0.09195530133,-0.142881470034,-0.024456769103999992,Glass,2
0 days 00:01:00.071000,0.08100332483,-0.144298538234,-0.026204536353999996,Glass,2
0 days 00:01:00.282000,0.06968922523,-0.14178612283400002,-0.028133365103999997,Glass,2
0 days 00:01:00.492000,0.06254851873,-0.14541633123400002,-0.029969418603999997,Glass,2
0 days 00:01:00.703000,0.06044162125000001,-0.13801375896000004,-0.032582091304000006,Glass,2
0 days 00:01:00.878000,0.05710320655,-0.12635698866000003,-0.030741548704,Glass,2
0 days 00:01:01.088000,0.060941411070000014,-0.12962956326000005,-0.027099369504000007,Glass,2
0 days 00:01:01.299000,0.07962067377000001,-0.12688520926000005,-0.016545429004000002,Glass,2
0 days 00:01:01.472000,0.06810456347,-0.14029872376000002,-0.0064673364040000025,Glass,2
0 days 00:01:01.683000,0.06481103977000002,-0.14888941866000002,-0.015728408104,Glass,2
0 days 00:01:01.874000,0.07395240087000002,-0.1471192058,-0.011104606204000002,Glass,2
0 days 00:01:02.087000,0.06887818962,-0.1318950765,-0.003986345554000002,Glass,2
0 days 00:01:02.298000,0.06303933012000001,-0.14354137160000002,-0.010137947654000001,Glass,2
0 days 00:01:02.471000,0.06290465622000002,-0.14603283768,-0.000374093954000001,Glass,2
0 days 00:01:02.682000,0.08139088702000001,-0.14610316738,0.004748001416000002,Glass,2
0 days 00:01:02.893000,0.07101800852000001,-0.14776414468000001,0.0015532384160000011,Glass,2
0 days 00:01:03.066000,0.06473173299000001,-0.14212879238,-0.0009068037899999987,Glass,2
0 days 00:01:03.277000,0.05907393521000002,-0.139496666825,0.0028042092099999976,Glass,2
0 days 00:01:03.488000,0.06899490841000001,-0.156103447845,0.0017193366100000007,Glass,2
0 days 00:01:03.663000,0.06834248811000002,-0.151885163545,-0.0008768758900000018,Glass,2
0 days 00:01:03.873000,0.06460005141000001,-0.147693814315,-0.0005102637899999998,Glass,2
0 days 00:01:04.084000,0.06817190125,-0.148021520715,-0.002452559900000003,Glass,2
0 days 00:01:04.295000,0.069379476716,-0.145528558215,-0.0006988071000000046,Glass,2
0 days 00:01:04.468000,0.068873701616,-0.145853271815,0.002570774349999998,Glass,2
0 days 00:01:04.680000,0.065678938766,-0.14722993771499998,0.006397007990000001,Glass,2
0 days 00:01:04.891000,0.066602202796,-0.147957176415,0.005126584770000001,Glass,2
0 days 00:01:05.064000,0.069792476396,-0.14930391441500002,0.003239654499999993,Glass,2
0 days 00:01:05.275000,0.073277536096,-0.14980819301500004,0.0067651164,Glass,2
0 days 00:01:05.486000,0.075098625596,-0.15021371091500002,0.00979527784,Glass,2
0 days 00:01:05.661000,0.07780108059600001,-0.151338985755,0.010149918959999999,Glass,2
0 days 00:01:05.871000,0.077367131696,-0.153116680506,0.008854057279999997,Glass,2
0 days 00:01:06.082000,0.075680715996,-0.153968118406,0.007870938230000001,Glass,2
0 days 00:01:06.293000,0.07473799917599999,-0.153727201906,0.007929296879999997,Glass,2
0 days 00:01:06.466000,0.07353042367599999,-0.15291167690600002,0.008616133528999998,Glass,2
0 days 00:01:06.677000,0.07386112278599999,-0.15120880100599998,0.009383774439,Glass,2
0 days 00:01:06.857000,0.073590278686,-0.15115642770600002,0.009549872158999996,Glass,2
0 days 00:01:07.061000,0.07310694918599998,-0.15184326424599998,0.010392331898999997,Glass,2
0 days 00:01:07.274000,0.072770264586,-0.155088903846,0.011370961818999999,Glass,2
0 days 00:01:07.486000,0.072177699646,-0.15294758973600003,0.012249334619000001,Glass,2
0 days 00:01:07.656000,0.07015310278600001,-0.15503353803599998,0.010064625548999997,Glass,2
0 days 00:01:07.876000,0.07045836348600001,-0.156697508336,0.014393641628999998,Glass,2
0 days 00:01:08.059000,0.068700121596,-0.157607305136,0.015450083108999995,Glass,2
0 days 00:01:08.291000,0.066278985196,-0.163978874436,0.009901521008999999,Glass,2
0 days 00:01:08.463000,0.06830807123600001,-0.159560075936,0.013789106008999998,Glass,2
0 days 00:01:08.674000,0.07142951169600001,-0.159946141036,0.015506945749,Glass,2
0 days 00:01:08.886000,0.07184700059600001,-0.16029778943599995,0.014314334148999998,Glass,2
0 days 00:01:09.056000,0.07226299319600002,-0.15987581143599996,0.014998177969000001,Glass,2
0 days 00:01:09.270000,0.071266406676,-0.15909919223599997,0.014553754339000002,Glass,2
0 days 00:01:09.481000,0.072228576526,-0.160821521236,0.013069349279,Glass,2
0 days 00:01:09.655000,0.071097316296,-0.160323228036,0.011908161489000002,Glass,2
0 days 00:01:09.865000,0.072164232396,-0.16197821993599998,0.011459248638999999,Glass,2
0 days 00:01:10.076000,0.070437414366,-0.162407679856,0.012190976549000006,Glass,2
0 days 00:01:10.287000,0.069382469266,-0.16433800487600003,0.013054385532000003,Glass,2
0 days 00:01:10.462000,0.066720416166,-0.164399356176,0.012051813532000006,Glass,2
0 days 00:01:10.673000,0.06632387646599999,-0.16524630507599997,0.009985318272000008,Glass,2
0 days 00:01:10.885000,0.06753444486599999,-0.16534656237599996,0.009880571902000005,Glass,2
0 days 00:01:11.057000,0.067022684216,-0.166982101446,0.008563761002000009,Glass,2
0 days 00:01:11.267000,0.063769562716,-0.16651822494600002,0.008285435042000008,Glass,2
0 days 00:01:11.479000,0.064071830716,-0.16580295714600002,0.008770260882000013,Glass,2
0 days 00:01:11.652000,0.066056025416,-0.163078056146,0.009831191492000006,Glass,2
0 days 00:01:11.863000,0.06402544303999999,-0.167679412446,0.010131963052000008,Glass,2
0 days 00:01:12.074000,0.06376507362999999,-0.166320702946,0.010770915642000006,Glass,2
0 days 00:01:12.285000,0.062069679629999985,-0.165056265046,0.010191818108000007,Glass,2
0 days 00:01:12.458000,0.062009824586999995,-0.164700127546,0.007670424568000005,Glass,2
0 days 00:01:12.671000,0.06369923334699998,-0.16313042904600003,0.007728783268000001,Glass,2
0 days 00:01:12.880000,0.062802904047,-0.16521188826600003,0.008786721168000005,Glass,2
0 days 00:01:13.053000,0.06519411294699999,-0.16545130846599998,0.008319851968000003,Glass,2
0 days 00:01:13.265000,0.069322614447,-0.166391032666,0.011453263298000005,Glass,2
0 days 00:01:13.477000,0.070534679077,-0.17025018646600004,0.012599487298000004,Glass,2
0 days 00:01:13.650000,0.068870708877,-0.17078888181600005,0.013052889298000005,Glass,2
0 days 00:01:13.860000,0.06775441237699999,-0.17047464284600003,0.011237785148000006,Glass,2
0 days 00:01:14.072000,0.073510971177,-0.170540483446,0.014851533448,Glass,2
0 days 00:01:14.283000,0.07030124457699999,-0.16780211514600002,0.013810055748000006,Glass,2
0 days 00:01:14.455000,0.06906972697699999,-0.16834978854600002,0.011219828768,Glass,2
0 days 00:01:14.666000,0.073509474977,-0.171493674546,0.010206782188,Glass,2
0 days 00:01:14.878000,0.070962643017,-0.162599214946,0.004637270204,Glass,2
0 days 00:01:15.050000,0.06583156931699997,-0.17477223374600004,0.004266168804000007,Glass,2
0 days 00:01:15.262000,0.064101758654,-0.14564227931600002,0.012798505204000006,Glass,2
0 days 00:01:15.472000,0.06831106425399999,-0.15712546871600006,0.02998288722400001,Glass,2
0 days 00:01:15.646000,0.073720463654,-0.151925561916,0.048892591824000006,Glass,2
0 days 00:01:15.857000,0.090334727464,-0.15182680107600002,0.06031143803000001,Glass,2
0 days 00:01:16.068000,0.10020033446399998,-0.153939684076,0.05019144626000001,Glass,2
0 days 00:01:16.280000,0.09364171796399999,-0.15455319822599997,0.02914192470000001,Glass,2
0 days 00:01:16.452000,0.08208071626400003,-0.157830261726,0.01280898000000001,Glass,2
0 days 00:01:16.664000,0.07535749846400001,-0.16294038582599998,0.006316204126000015,Glass,2
0 days 00:01:16.875000,0.07690624776400001,-0.167761709726,0.013006501626000007,Glass,2
0 days 00:01:17.048000,0.08267028856400001,-0.15254356552599999,0.005553052205999991,Glass,2
0 days 00:01:17.259000,0.08727613416400003,-0.16776170932599999,0.006153099086000004,Glass,2
0 days 00:01:17.471000,0.07211485256400003,-0.142701899926,0.015427637586,Glass,2
0 days 00:01:17.647000,0.05069422986400001,-0.16713772209599997,0.032118216286000006,Glass,2
0 days 00:01:17.855000,0.04603601106400001,-0.150602766196,0.04778976238599999,Glass,2
0 days 00:01:18.066000,0.057923222713999994,-0.14341118279600004,0.039356187386000004,Glass,2
0 days 00:01:18.276000,0.05877316435400001,-0.163037651696,0.03770418831999999,Glass,2
0 days 00:01:18.450000,0.04784662655399999,-0.135788643896,0.04511723522,Glass,2
0 days 00:01:18.661000,0.033788173554,-0.16182558689600002,0.05388300588,Glass,2
0 days 00:01:18.872000,0.030740055604,-0.122047422596,0.05457283508000001,Glass,2
0 days 00:01:19.045000,0.04441094660400001,-0.142438538176,0.04821323668,Glass,2
0 days 00:01:19.256000,0.05471199960399998,-0.14723292692599999,0.05507262418,Glass,2
0 days 00:01:19.448000,0.05061791460399998,-0.135404075026,0.05006874287999999,Glass,2
0 days 00:01:19.642000,0.05129278010399999,-0.154400569026,0.05467458808,Glass,2
0 days 00:01:19.871000,0.030346508103999987,-0.126306108626,0.05030068087999998,Glass,2
0 days 00:01:20.058000,0.049682679604,-0.15312416162599998,0.050127101279999996,Glass,2
0 days 00:01:20.274000,0.060333884603999986,-0.103245457226,0.04937592057999999,Glass,2
0 days 00:01:20.447000,0.04515314980399999,-0.11915043852599999,0.05528510977999999,Glass,2
0 days 00:01:20.658000,0.04634875425399998,-0.13803021509999996,0.05999719818,Glass,2
0 days 00:01:20.869000,0.06616376565399999,-0.12977171540000002,0.05405957778000001,Glass,2
0 days 00:01:21.043000,0.06075735905399998,-0.14828936839999998,0.04550928518,Glass,2
0 days 00:01:21.255000,0.04922927805400001,-0.14236820840000003,0.04956596018000001,Glass,2
0 days 00:01:21.466000,0.03332878775399999,-0.17523311689999999,0.04641908113400001,Glass,2
0 days 00:01:21.638000,0.031332622154,-0.13203722929999998,0.077299792134,Glass,2
0 days 00:01:21.848000,0.032335195154000004,-0.14516194386000003,0.073545384734,Glass,2
0 days 00:01:22.060000,0.032579104553999996,-0.16801609456000002,0.058066870734,Glass,2
0 days 00:01:22.272000,0.02397494205399999,-0.14059799556000002,0.056123078034000004,Glass,2
0 days 00:01:22.446000,0.024308633854000002,-0.17079336956000002,0.041439140034,Glass,2
0 days 00:01:22.657000,0.0011821408539999991,-0.16184653696,0.040937853934,Glass,2
0 days 00:01:22.870000,0.022111952854000007,-0.18838476746,0.04905419783400001,Glass,2
0 days 00:01:23.042000,0.027691939084,-0.12720243816000004,0.05125835984000001,Glass,2
0 days 00:01:23.270000,0.013681369863999997,-0.13661464386,0.04802618734000001,Glass,2
0 days 00:01:23.444000,0.012457334564,-0.14732570486000002,0.05586869414000001,Glass,2
0 days 00:01:23.657000,0.03705027506399999,-0.15153650724,0.05039794334000001,Glass,2
0 days 00:01:23.866000,0.052364188064,-0.18514062424,0.05008370434000001,Glass,2
0 days 00:01:24.039000,0.053631618464,-0.15011195604,0.061505542639999994,Glass,2
0 days 00:01:24.250000,0.036936550963999996,-0.17444302954,0.07647977834000001,Glass,2
0 days 00:01:24.461000,0.039101807164,-0.17710508283999996,0.08411279333999999,Glass,2
0 days 00:01:24.634000,0.056844338514,-0.18956690263999998,0.07435193224,Glass,2
0 days 00:01:24.845000,0.062005339363999996,-0.20310611364,0.07211485014000002,Glass,2
0 days 00:01:25.057000,0.059572232063999996,-0.18595614764,0.08026411414,Glass,2
0 days 00:01:25.267000,0.049958015464,-0.20908563304000005,0.08249820374,Glass,2
0 days 00:01:25.429000,0.05007174026399999,-0.16664541304,0.07846696674,Glass,2
0 days 00:01:25.630000,0.062090632263999995,-0.19125331644,0.07852233266000001,Glass,2
0 days 00:01:25.859000,0.07460183286399999,-0.18865560763999997,0.08357559464000001,Glass,2
0 days 00:01:26.028000,0.06427833456399999,-0.18131438664000002,0.07682095284000001,Glass,2
0 days 00:01:26.255000,0.060821705783999994,-0.20232649964000005,0.07420079836,Glass,2
0 days 00:01:26.447000,0.06175394808399999,-0.14915876164000003,0.065240498711,Glass,2
0 days 00:01:26.628000,0.085095917294,-0.19235913754000003,0.071112278401,Glass,2
0 days 00:01:26.850000,0.103380136594,-0.15831358834,0.08432677598100001,Glass,2
0 days 00:01:27.034000,0.08656086959400001,-0.15742474101,0.082447327621,Glass,2
0 days 00:01:27.246000,0.07963863409400002,-0.19193566321000002,0.08139238255099998,Glass,2
0 days 00:01:27.457000,0.09096470439400002,-0.18986767142000002,0.08266579845099999,Glass,2
0 days 00:01:27.630000,0.08963592245400001,-0.21282208042,0.085238068951,Glass,2
0 days 00:01:27.841000,0.097072911554,-0.15787814412,0.09143007245100002,Glass,2
0 days 00:01:28.053000,0.080879130044,-0.17682525752,0.10190320890099999,Glass,2
0 days 00:01:28.263000,0.09025841514400001,-0.16447416952000005,0.115580085901,Glass,2
0 days 00:01:28.437000,0.09211092874399998,-0.18777573952000004,0.09641599740099999,Glass,2
0 days 00:01:28.648000,0.07995137704399999,-0.19395726882000003,0.08523657150100002,Glass,2
0 days 00:01:28.860000,0.066507934044,-0.19200150529,0.096266358901,Glass,2
0 days 00:01:29.032000,0.05372738654399999,-0.22535273489000002,0.09667786240100001,Glass,2
0 days 00:01:29.243000,0.05230882206399998,-0.16574908338999997,0.099130422701,Glass,2
0 days 00:01:29.455000,0.065147728364,-0.18703503189000004,0.09684395996100001,Glass,2
0 days 00:01:29.627000,0.06996456279399998,-0.19080141029000003,0.098341832361,Glass,2
0 days 00:01:29.839000,0.05645378359399999,-0.16650175869000003,0.09345466841099997,Glass,2
0 days 00:01:30.050000,0.05313781422399999,-0.19342904578999998,0.08342595566099999,Glass,2
0 days 00:01:30.225000,0.06296750848399998,-0.15444545649000002,0.08175001447799998,Glass,2
0 days 00:01:30.434000,0.07664288958399999,-0.19070564169,0.09219920827799999,Glass,2
0 days 00:01:30.645000,0.08357559968399998,-0.18042703418999997,0.09779266207799997,Glass,2
0 days 00:01:30.857000,0.06078130418399999,-0.17464802979,0.095193456778,Glass,2
0 days 00:01:31.030000,0.06012888420400001,-0.20723012248999997,0.09603292375799997,Glass,2
0 days 00:01:31.242000,0.067793322204,-0.18704700248999998,0.089604492308,Glass,2
0 days 00:01:31.452000,0.06989872340400001,-0.21733515159,0.09385120758799999,Glass,2
0 days 00:01:31.625000,0.05399972700400001,-0.20096928659,0.101527616378,Glass,2
0 days 00:01:31.843000,0.041931453680000015,-0.20829105489,0.10931026821799997,Glass,2
0 days 00:01:32.048000,0.039278379030000005,-0.22363938359000002,0.12454487291799998,Glass,2
0 days 00:01:32.258000,0.060104939630000034,-0.21478382989000003,0.11992705629799998,Glass,2
0 days 00:01:32.431000,0.04820725397000002,-0.23382671199000007,0.11767650659800001,Glass,2
0 days 00:01:32.643000,0.05122394817000002,-0.24633791249000006,0.13568389509800002,Glass,2
0 days 00:01:32.855000,0.03942053327000001,-0.2736407894900001,0.140029371198,Glass,2
0 days 00:01:33.027000,0.040005616270000016,-0.22413618079000003,0.14692167939800002,Glass,2
0 days 00:01:33.239000,0.051197012070000006,-0.23519589619,0.130759321698,Glass,2
0 days 00:01:33.449000,0.05063138190000001,-0.24457368418999997,0.124357824698,Glass,2
0 days 00:01:33.622000,0.0384389096,-0.22883929003999998,0.12036698969799998,Glass,2
0 days 00:01:33.832000,0.040450039099999995,-0.26413580904,0.11095029524799999,Glass,2
0 days 00:01:34.045000,0.033743281599999994,-0.19102886003999997,0.11299584104799999,Glass,2
0 days 00:01:34.219000,0.056874261599999996,-0.22093393563999997,0.11852495004799998,Glass,2
0 days 00:01:34.429000,0.064900823,-0.21759103164,0.12091915175799997,Glass,2
0 days 00:01:34.640000,0.0462679475,-0.19076400114000003,0.12293776305799996,Glass,2
0 days 00:01:34.851000,0.043779474160000005,-0.23990349314,0.12658443185799997,Glass,2
0 days 00:01:35.024000,0.05188384706000001,-0.20241927414000002,0.12407949825799999,Glass,2
0 days 00:01:35.236000,0.05933280686000002,-0.26296714114,0.118598272758,Glass,2
0 days 00:01:35.448000,0.05735609426000001,-0.17109712714000003,0.099766380758,Glass,2
0 days 00:01:35.620000,0.03547757986000002,-0.19141342564000002,0.07906850675800002,Glass,2
0 days 00:01:35.832000,0.01654542956000001,-0.21031415192000005,0.070232405758,Glass,2
0 days 00:01:36.042000,0.015090951960000005,-0.20626944762000007,0.07477390775800001,Glass,2
0 days 00:01:36.216000,0.021772271359999998,-0.22870162102000002,0.09143455835799999,Glass,2
0 days 00:01:36.428000,0.04015824406,-0.21545420352000005,0.12966098035799997,Glass,2
0 days 00:01:36.639000,0.025963621060000008,-0.24685565492000003,0.13697377035799999,Glass,2
0 days 00:01:36.849000,0.016133926460000007,-0.22348824632,0.14331690785799997,Glass,2
0 days 00:01:37.022000,0.01766172646000001,-0.23848642311999996,0.143132854358,Glass,2
0 days 00:01:37.233000,0.010235211860000011,-0.24178144311999997,0.13202226277799997,Glass,2
0 days 00:01:37.445000,0.03790470086000001,-0.26526856122,0.130908959378,Glass,2
0 days 00:01:37.618000,0.051297265860000024,-0.25571419922,0.135124250378,Glass,2
0 days 00:01:37.829000,0.056500165560000024,-0.29015179922,0.13587692737800003,Glass,2
0 days 00:01:38.042000,0.03688117906000001,-0.29406033322,0.138006270378,Glass,2
0 days 00:01:38.214000,0.03900154392000001,-0.25991003822,0.122780644044,Glass,2
0 days 00:01:38.426000,0.05000738962000001,-0.29079972921999997,0.104385693744,Glass,2
0 days 00:01:38.635000,0.06279691562,-0.27035773722,0.08255805608399999,Glass,2
0 days 00:01:38.846000,0.05081393632000001,-0.27648390021999997,0.06772747308400001,Glass,2
0 days 00:01:39.019000,0.029692588320000005,-0.28457630421999996,0.07412747358400001,Glass,2
0 days 00:01:39.230000,0.01900098132,-0.27175984322,0.078571711584,Glass,2
0 days 00:01:39.442000,0.03952677162,-0.29364583922000004,0.080582840584,Glass,2
0 days 00:01:39.614000,0.04133888322,-0.28560730722000005,0.08236203178400002,Glass,2
0 days 00:01:39.827000,0.037099650059999996,-0.31065215322,0.08817844548400001,Glass,2
0 days 00:01:40.036000,0.02865410366,-0.31199739322,0.087165398784,Glass,2
0 days 00:01:40.214000,0.03321505766,-0.31729007822,0.08903586878400001,Glass,2
0 days 00:01:40.421000,0.06428880265999999,-0.33173609222000006,0.07884255478400001,Glass,2
0 days 00:01:40.631000,0.07637353571,-0.29401095522000004,0.071077859184,Glass,2
0 days 00:01:40.843000,0.05082590671000001,-0.2832220842200001,0.08395866458399999,Glass,2
0 days 00:01:41.008000,0.046706383610000006,-0.25198074561999995,0.095527147684,Glass,2
0 days 00:01:41.229000,0.06381893961,-0.26252421112,0.08391676608399999,Glass,2
0 days 00:01:41.441000,0.08772953091000002,-0.24617929411999998,0.08470685262999998,Glass,2
0 days 00:01:41.613000,0.09124751095000003,-0.27511771112,0.06415712222999997,Glass,2
0 days 00:01:41.822000,0.058693848950000016,-0.29382989311999996,0.06324133982999998,Glass,2
0 days 00:01:42.015000,0.06621164215000003,-0.2572270374199999,0.08159738583,Glass,2
0 days 00:01:42.227000,0.09879672615000003,-0.27955596091999996,0.07298723822999997,Glass,2
0 days 00:01:42.438000,0.10724526525000005,-0.27238831792,0.06471826322999999,Glass,2
0 days 00:01:42.610000,0.10203039425000003,-0.26849923632,0.05971138893,Glass,2
0 days 00:01:42.824000,0.07408706725000004,-0.26793809432,0.050490719329999996,Glass,2
0 days 00:01:43.033000,0.07442375175000002,-0.30467562431999995,0.06227917052999999,Glass,2
0 days 00:01:43.207000,0.10340406675000004,-0.31054141832,0.04698770303,Glass,2
0 days 00:01:43.417000,0.10486153705000001,-0.27736975331999997,0.04342632802999999,Glass,2
0 days 00:01:43.628000,0.07035360905000002,-0.28196811694,0.05380070332999999,Glass,2
0 days 00:01:43.839000,0.05035753505000003,-0.28994829094,0.04887912232999999,Glass,2
0 days 00:01:44.012000,0.05003282145000001,-0.27031733494,0.048659155329999974,Glass,2
0 days 00:01:44.212000,0.08276305545000001,-0.27805958493999994,0.02358438132999999,Glass,2
0 days 00:01:44.405000,0.09442730744999998,-0.27368567744,0.021254523329999987,Glass,2
0 days 00:01:44.616000,0.06684011845000001,-0.25902418485,0.027720364329999983,Glass,2
0 days 00:01:44.827000,0.058568151850000014,-0.28482918885,0.03298910432999999,Glass,2
0 days 00:01:45,0.06468533705000001,-0.25785102485000005,0.04339789632999998,Glass,2
0 days 00:01:45.201000,0.08681973205000001,-0.26332776185,0.03885639492999999,Glass,2
0 days 00:01:45.428000,0.09262567085000001,-0.29139828185000005,0.04660014112999999,Glass,2
0 days 00:01:45.600000,0.06460004385000001,-0.25966463585000005,0.04972756694999998,Glass,2
0 days 00:01:45.826000,0.04546887555000002,-0.29926173825,0.045314753929999965,Glass,2
0 days 00:01:46.018000,0.06257993555000002,-0.25933094205,0.06429179522999999,Glass,2
0 days 00:01:46.210000,0.08734495935000001,-0.26472836904999997,0.06289866912999997,Glass,2
0 days 00:01:46.414000,0.10327537885000002,-0.31375413804999996,0.08881141312999997,Glass,2
0 days 00:01:46.625000,0.07576749865000001,-0.26477176505,0.09484330453,Glass,2
0 days 00:01:46.835000,0.044430390650000005,-0.34592622204999995,0.07155520353000001,Glass,2
0 days 00:01:47.009000,0.06236894695000002,-0.33052252628,0.07565228122999999,Glass,2
0 days 00:01:47.201000,0.10453532745,-0.29447781859999994,0.11240926193,Glass,2
0 days 00:01:47.412000,0.10263642645000003,-0.3238367175,0.10894814423000002,Glass,2
0 days 00:01:47.623000,0.10152461904999999,-0.3067525915,0.11048641883,Glass,2
0 days 00:01:47.835000,0.09114874730000003,-0.34777125250000007,0.11399093182999998,Glass,2
0 days 00:01:48.007000,0.10395024430000001,-0.34341230850000004,0.10686668503,Glass,2
0 days 00:01:48.219000,0.11090540030000001,-0.3601717205,0.11335796503,Glass,2
0 days 00:01:48.438000,0.12330736510000001,-0.36043807349999996,0.12812270802999998,Glass,2
0 days 00:01:48.622000,0.1363826991,-0.3525027914099999,0.13082666003,Glass,2
0 days 00:01:48.833000,0.1522383001,-0.3403178005399999,0.12432640302999999,Glass,2
0 days 00:01:49.006000,0.16432452909999998,-0.32403273954,0.12328941436999999,Glass,2
0 days 00:01:49.218000,0.17878999610000001,-0.3066867495399999,0.13549086557,Glass,2
0 days 00:01:49.429000,0.17326238310000006,-0.30816067954,0.14777312077000002,Glass,2
0 days 00:01:49.601000,0.17202188759999998,-0.30632462614,0.14950742061,Glass,2
0 days 00:01:49.820000,0.17607108100000002,-0.33412729414000003,0.15209016541,Glass,2
0 days 00:01:50.023000,0.173611039,-0.34943671614000005,0.15406388611,Glass,2
0 days 00:01:50.197000,0.18168548400000004,-0.33222390314,0.15819388401,Glass,2
0 days 00:01:50.409000,0.17960252799999998,-0.32103250714000003,0.14206893600999998,Glass,2
0 days 00:01:50.619000,0.1745567482,-0.30976629174000003,0.12627768001,Glass,2
0 days 00:01:50.829000,0.1829080212,-0.31196446814000006,0.12777555260999998,Glass,2
0 days 00:01:51.002000,0.16713771363,-0.29323283214,0.13312808973,Glass,2
0 days 00:01:51.214000,0.17290175412999997,-0.28047622714000003,0.13478906732999998,Glass,2
0 days 00:01:51.425000,0.18466925573,-0.28165088114,0.12882900153,Glass,2
0 days 00:01:51.599000,0.21329792372999998,-0.28603077384,0.11980286152999998,Glass,2
0 days 00:01:51.809000,0.21332485972999998,-0.26934468423999997,0.10790667183,Glass,2
0 days 00:01:52.021000,0.21682637956999998,-0.27918934324,0.09750087282999997,Glass,2
0 days 00:01:52.194000,0.19758897032999997,-0.24262240163999998,0.09832387972999998,Glass,2
0 days 00:01:52.405000,0.23183952233,-0.26388141464,0.10617835772999998,Glass,2
0 days 00:01:52.616000,0.24765472072999997,-0.24843282799000005,0.09505729203000002,Glass,2
0 days 00:01:52.827000,0.25150340073,-0.21224147698999998,0.08563311553000003,Glass,2
0 days 00:01:53,0.25100510753,-0.28788178899,0.07659051483000001,Glass,2
0 days 00:01:53.212000,0.22890961952999997,-0.26017189798999996,0.09156923913000004,Glass,2
0 days 00:01:53.423000,0.24522760103,-0.28241852299,0.10049063343000002,Glass,2
0 days 00:01:53.596000,0.27355549703,-0.29136535499000005,0.11816433063000002,Glass,2
0 days 00:01:53.807000,0.25916933772999995,-0.26337414399,0.12053159763,Glass,2
0 days 00:01:54.018000,0.25226505883,-0.3665926689899999,0.11967866333,Glass,2
0 days 00:01:54.191000,0.23088633512999998,-0.30293832698999995,0.10589704032999998,Glass,2
0 days 00:01:54.402000,0.24117092752999997,-0.34359636228999996,0.10919654952,Glass,2
0 days 00:01:54.614000,0.26967539653,-0.35788974729,0.11413907962,Glass,2
0 days 00:01:54.825000,0.26104579523,-0.30691869128999993,0.11735479182000001,Glass,2
0 days 00:01:54.998000,0.24832959153,-0.3758208262900001,0.11687445521999999,Glass,2
0 days 00:01:55.209000,0.2581054165300001,-0.30324209628999993,0.12677447971999997,Glass,2
0 days 00:01:55.420000,0.27614722113,-0.38545300339,0.13135638302,Glass,2
0 days 00:01:55.593000,0.29075933342000004,-0.39279123139000005,0.12697349772,Glass,2
0 days 00:01:55.804000,0.29966127472,-0.37072267688999994,0.12437728513000001,Glass,2
0 days 00:01:56.016000,0.29450925232,-0.3820771783899999,0.14443022013,Glass,2
0 days 00:01:56.189000,0.28603377842,-0.36781671439,0.17375170853,Glass,2
0 days 00:01:56.400000,0.27639262771999995,-0.35047221938999995,0.14908843933000002,Glass,2
0 days 00:01:56.612000,0.28720993011999996,-0.32493057639,0.14143447563000003,Glass,2
0 days 00:01:56.804000,0.27102662341999995,-0.37153670638999997,0.12029367503000002,Glass,2
0 days 00:01:57.020000,0.2576131080199999,-0.36362985558999994,0.12256667003000005,Glass,2
0 days 00:01:57.187000,0.25278280561999994,-0.34910004458999994,0.12699594203000003,Glass,2
0 days 00:01:57.400000,0.24490438592,-0.33284491149000006,0.12174216553,Glass,2
0 days 00:01:57.612000,0.25269900891999997,-0.34221222448999994,0.09423278853000001,Glass,2
0 days 00:01:57.786000,0.25753679292,-0.28138753049000004,0.07925107203000004,Glass,2
0 days 00:01:57.995000,0.25364322242,-0.29289765548999996,0.10129568403,Glass,2
0 days 00:01:58.207000,0.25059959341999993,-0.33191266849,0.12111518502999999,Glass,2
0 days 00:01:58.419000,0.24686164601999994,-0.32301820919000007,0.12235418403000002,Glass,2
0 days 00:01:58.593000,0.26187029902000003,-0.29825917019000003,0.16091280303000002,Glass,2
0 days 00:01:58.802000,0.27935545302000003,-0.33743279919,0.17766622903,Glass,2
0 days 00:01:59.012000,0.30356232902,-0.27797130419000005,0.17400459673000002,Glass,2
0 days 00:01:59.184000,0.31147366922,-0.31388732319,0.15656732543000004,Glass,2
0 days 00:01:59.395000,0.31370177392000004,-0.26770017819,0.14145991343000003,Glass,2
0 days 00:01:59.611000,0.31753548942000004,-0.2723299661900001,0.14883854383,Glass,2
0 days 00:01:59.799000,0.32634315918000006,-0.3028455621900001,0.14881909082999997,Glass,2
0 days 00:02:00.010000,0.3244442579299999,-0.22325481819000004,0.15984438973,Glass,2
0 days 00:02:00.182000,0.32697313352999996,-0.29724612319000004,0.14852729742999998,Glass,2
0 days 00:02:00.398000,0.33162686253000007,-0.17833061119,0.10708366742999999,Glass,2
0 days 00:02:00.589000,0.32845604153,-0.22790255818999994,0.11712734372999996,Glass,2
0 days 00:02:00.799000,0.34629583753,-0.27230452618999995,0.12797457393,Glass,2
0 days 00:02:01.010000,0.34646642423,-0.23255329379,0.13246819123,Glass,2
0 days 00:02:01.183000,0.33007811383,-0.26144831579,0.13589938143,Glass,2
0 days 00:02:01.396000,0.32869845518000007,-0.16257526978999998,0.12016498733,Glass,2
0 days 00:02:01.608000,0.33763182044000006,-0.21324555579,0.13641263872999998,Glass,2
0 days 00:02:01.780000,0.36887016744000006,-0.18360533928999995,0.14623335513,Glass,2
0 days 00:02:02.009000,0.35679890164,-0.24937256329000004,0.15147067113,Glass,2
0 days 00:02:02.182000,0.34167054094,-0.23137265619000005,0.17602620212999998,Glass,2
0 days 00:02:02.394000,0.34864066093999996,-0.19163190119000004,0.20586394212999998,Glass,2
0 days 00:02:02.604000,0.35357870244000006,-0.22334759118999997,0.21078552312999999,Glass,2
0 days 00:02:02.779000,0.37177014627000005,-0.18170344569000005,0.22811056483000003,Glass,2
0 days 00:02:02.987000,0.36017772117,-0.24320300569000003,0.21174170643,Glass,2
0 days 00:02:03.198000,0.34871099167,-0.24478018568999999,0.2247093018,Glass,2
0 days 00:02:03.409000,0.33703776206999997,-0.29246071269,0.2360174156,Glass,2
0 days 00:02:03.581000,0.35324201837,-0.30069527069,0.237268386,Glass,2
0 days 00:02:03.784000,0.34748396437000006,-0.26185084409000003,0.2544003952,Glass,2
0 days 00:02:03.993000,0.34097921757,-0.32879571608999997,0.2464516454,Glass,2
0 days 00:02:04.185000,0.34093881457,-0.27279085109,0.2540592211,Glass,2
0 days 00:02:04.377000,0.31636532657000005,-0.30345010019,0.2322645041,Glass,2
0 days 00:02:04.572000,0.32071229856999994,-0.30003686648,0.23489662960000005,Glass,2
0 days 00:02:04.773000,0.31532384857,-0.27114184548000003,0.2360638029,Glass,2
0 days 00:02:04.975000,0.30965856887,-0.29723565148,0.2231351139,Glass,2
0 days 00:02:05.197000,0.29733740866999997,-0.28847736147999997,0.22418257710000003,Glass,2
0 days 00:02:05.408000,0.28785038466999996,-0.30761301947999997,0.2179935656,Glass,2
0 days 00:02:05.583000,0.30074016841999995,-0.31771505398,0.22011093759999997,Glass,2
0 days 00:02:05.794000,0.29961339772,-0.28624626598,0.22086361471999993,Glass,2
0 days 00:02:06.004000,0.28300362372,-0.28369345098000004,0.20422241672,Glass,2
0 days 00:02:06.176000,0.26781540672,-0.27424234098000005,0.21045332671999994,Glass,2
0 days 00:02:06.389000,0.25827002371999996,-0.29322686398000003,0.20022559671999995,Glass,2
0 days 00:02:06.599000,0.25166053091999996,-0.28727727198,0.18894741081999997,Glass,2
0 days 00:02:06.773000,0.26111613161999997,-0.24434923898000002,0.19768624682,Glass,2
0 days 00:02:07.002000,0.2737934303199999,-0.27882724098,0.20491673581999997,Glass,2
0 days 00:02:07.176000,0.24009354542,-0.30717458965999994,0.18105103481999996,Glass,2
0 days 00:02:07.387000,0.23198019442,-0.29601312065999996,0.18884416152,Glass,2
0 days 00:02:07.598000,0.23098809712,-0.22398805065999997,0.18388666752000002,Glass,2
0 days 00:02:07.771000,0.23883359687,-0.2585363796599999,0.17251271332000007,Glass,2
0 days 00:02:07.983000,0.25121161987,-0.23571066005999997,0.15225926312000004,Glass,2
0 days 00:02:08.194000,0.24464252887000001,-0.25237580105999996,0.15103223412000003,Glass,2
0 days 00:02:08.405000,0.24166025086999998,-0.23599347576,0.16042648282000002,Glass,2
0 days 00:02:08.579000,0.23707834722999999,-0.19238458984999995,0.17821091282,Glass,2
0 days 00:02:08.791000,0.24199992823,-0.23183654484999994,0.17379809962,Glass,2
0 days 00:02:09.002000,0.25466375923,-0.18573768684999997,0.17111509738000003,Glass,2
0 days 00:02:09.173000,0.24127568295000004,-0.31484501284999994,0.15509339807999997,Glass,2
0 days 00:02:09.384000,0.23862410434999998,-0.27756430085,0.14658350706,Glass,2
0 days 00:02:09.598000,0.22349723784999997,-0.28927045064999996,0.15373319215999998,Glass,2
0 days 00:02:09.769000,0.22957851015000003,-0.29631838264999993,0.15814899796,Glass,2
0 days 00:02:09.980000,0.26105777315,-0.21476139964999993,0.17756597425999998,Glass,2
0 days 00:02:10.191000,0.23911790755,-0.30026731965,0.17378014286,Glass,2
0 days 00:02:10.401000,0.23374741415000003,-0.23954587465000002,0.16802508086000004,Glass,2
0 days 00:02:10.574000,0.21449803294999994,-0.27682958165000005,0.18848951926,Glass,2
0 days 00:02:10.787000,0.22555625274999994,-0.2892629709500001,0.19552697596000002,Glass,2
0 days 00:02:10.997000,0.26498426574999995,-0.23366362195,0.18952501163000002,Glass,2
0 days 00:02:11.170000,0.25002349805,-0.29426385995,0.18478598803000001,Glass,2
0 days 00:02:11.381000,0.24466647105,-0.16207100894999996,0.13404836283,Glass,2
0 days 00:02:11.593000,0.22481704235000002,-0.20138080825000004,0.15158140183,Glass,2
0 days 00:02:11.767000,0.24356812975,-0.21905749925,0.15810560163000006,Glass,2
0 days 00:02:11.977000,0.26064327661,-0.17087718325000004,0.16134076633,Glass,2
0 days 00:02:12.188000,0.25299230585000004,-0.24995766625000004,0.16136919743,Glass,2
0 days 00:02:12.401000,0.23379230385,-0.1844059202500001,0.17091308343,Glass,2
0 days 00:02:12.572000,0.20105458885000002,-0.19786582290000004,0.17780688712999995,Glass,2
0 days 00:02:12.784000,0.21246595255000003,-0.19648317120000003,0.17335666463,Glass,2
0 days 00:02:12.988000,0.23013366455,-0.14663738920000008,0.18421287333,Glass,2
0 days 00:02:13.169000,0.23622391495000003,-0.16833933020000008,0.17654693902999996,Glass,2
0 days 00:02:13.380000,0.20769849795000003,-0.07365014620000003,0.17803284033,Glass,2
0 days 00:02:13.590000,0.19441217430000002,-0.12250532620000001,0.14767137033,Glass,2
0 days 00:02:13.764000,0.22506693430000002,-0.10269031420000005,0.14753968933,Glass,2
0 days 00:02:13.974000,0.23549068970000003,-0.09683948420000002,0.13605500363,Glass,2
0 days 00:02:14.186000,0.24184280580000003,-0.12017098120000004,0.14989947523000005,Glass,2
0 days 00:02:14.397000,0.20584747980000004,-0.08460212090000002,0.15688605423000002,Glass,2
0 days 00:02:14.568000,0.19220352200000002,-0.11482143490000002,0.16524780323000002,Glass,2
0 days 00:02:14.781000,0.217944184,-0.11701212990000004,0.16204256562999997,Glass,2
0 days 00:02:14.991000,0.21895274150000002,-0.09102007390000003,0.15855301663,Glass,2
0 days 00:02:15.165000,0.20749798270000003,-0.10685771890000004,0.13997401103,Glass,2
0 days 00:02:15.375000,0.1709310427,-0.10738444320000003,0.15653590073,Glass,2
0 days 00:02:15.586000,0.16587927711000003,-0.0905786432,0.16859369903,Glass,2
0 days 00:02:15.760000,0.15396961971,-0.0892034737,0.16424223742,Glass,2
0 days 00:02:15.971000,0.16600048310999999,-0.07306356160000003,0.15161432032000002,Glass,2
0 days 00:02:16.181000,0.18666244361,-0.06762423500000005,0.10482264132,Glass,2
0 days 00:02:16.392000,0.20079421861,-0.10143634860000002,0.10320805152000002,Glass,2
0 days 00:02:16.565000,0.21879711921000006,-0.0970325141,0.11773935952000004,Glass,2
0 days 00:02:16.777000,0.22898295121000004,-0.04881478610000002,0.12556989552,Glass,2
0 days 00:02:16.987000,0.21413441101000003,-0.07819912210000002,0.12586019202000004,Glass,2
0 days 00:02:17.161000,0.22552781901000002,-0.026725280100000023,0.14466215802000001,Glass,2
0 days 00:02:17.372000,0.23510911471000007,-0.05395633210000004,0.13973159892,Glass,2
0 days 00:02:17.583000,0.24291421210999997,-0.04788553510000002,0.14399477422,Glass,2
0 days 00:02:17.757000,0.23887100371000003,-0.0934412071,0.14463372672000002,Glass,2
0 days 00:02:17.967000,0.25337388030999997,-0.1081116771,0.12916419079700003,Glass,2
0 days 00:02:18.179000,0.26588807331000003,-0.06146364910000002,0.13360393879700003,Glass,2
0 days 00:02:18.390000,0.28341213351,-0.09131335740000003,0.14652215319700004,Glass,2
0 days 00:02:18.563000,0.27132141411000005,-0.10109965720000004,0.13048399396700003,Glass,2
0 days 00:02:18.774000,0.25625739711,-0.05851129720000004,0.12093561856700002,Glass,2
0 days 00:02:18.987000,0.23966109031000002,-0.11340285820000001,0.10682928136700001,Glass,2
0 days 00:02:19.159000,0.24428788511,-0.04565892220000003,0.11224466656700001,Glass,2
0 days 00:02:19.370000,0.23778463431000002,-0.1155860732,0.13426533616699998,Glass,2
0 days 00:02:19.582000,0.23688531221,-0.07031471019999999,0.134949180267,Glass,2
0 days 00:02:19.754000,0.21541081861,-0.026693853199999992,0.12793416942700003,Glass,2
0 days 00:02:19.965000,0.20756083026,-0.10776750719999999,0.11417798422700001,Glass,2
0 days 00:02:20.178000,0.20313305365999998,-0.0616506942,0.12036549922699999,Glass,2
0 days 00:02:20.387000,0.18711883765999993,-0.1770437362,0.16806996682699996,Glass,2
0 days 00:02:20.564000,0.17794754895999998,-0.1103442692,0.174583691827,Glass,2
0 days 00:02:20.753000,0.15801432395999998,-0.09001899170000001,0.171507141827,Glass,2
0 days 00:02:20.964000,0.15341895296,-0.1596543517,0.16788441512699998,Glass,2
0 days 00:02:21.175000,0.15498116936,-0.11190798410000002,0.161586168327,Glass,2
0 days 00:02:21.386000,0.14915876971,-0.2127128531,0.17253814452700003,Glass,2
0 days 00:02:21.559000,0.14597747401,-0.18100614059999998,0.175979809527,Glass,2
0 days 00:02:21.772000,0.11955446501000001,-0.2034383151,0.17461212192699999,Glass,2
0 days 00:02:21.983000,0.11864017901,-0.1460118921,0.165630871927,Glass,2
0 days 00:02:22.155000,0.11196035641,-0.16442779170000002,0.141079829927,Glass,2
0 days 00:02:22.357000,0.09061904081,-0.19530700769999995,0.114650835627,Glass,2
0 days 00:02:22.565000,0.08363695031000001,-0.19333029570000002,0.11366322712700003,Glass,2
0 days 00:02:22.758000,0.08001871308,-0.23266253920000002,0.10402207672700003,Glass,2
0 days 00:02:22.969000,0.08230068648000001,-0.1899185568,0.12391789312700002,Glass,2
0 days 00:02:23.161000,0.08499565998000001,-0.20171149680000006,0.12511499395700001,Glass,2
0 days 00:02:23.354000,0.09408614438000001,-0.15730803310000002,0.12216563695700002,Glass,2
0 days 00:02:23.566000,0.07619397608,-0.10986243510000002,0.115539683657,Glass,2
0 days 00:02:23.746000,0.08939051608000004,-0.14626028770000002,0.09285611965700001,Glass,2
0 days 00:02:23.979000,0.09479243358000003,-0.05121048170000002,0.07899518845700002,Glass,2
0 days 00:02:24.153000,0.09013122258000003,-0.09987562370000001,0.08606257275700001,Glass,2
0 days 00:02:24.364000,0.10620529358000003,-0.05598841070000003,0.101217869157,Glass,2
0 days 00:02:24.575000,0.09480590058,-0.04168604800000005,0.091455511757,Glass,2
0 days 00:02:24.748000,0.09944466608000001,-0.05420024200000004,0.08075193345699999,Glass,2
0 days 00:02:24.958000,0.10307038508000002,-0.08523657900000003,0.075631334457,Glass,2
0 days 00:02:25.171000,0.10455329328000001,-0.08726267200000003,0.079414173657,Glass,2
0 days 00:02:25.382000,0.10326640987999998,-0.04712537600000004,0.08008455015699999,Glass,2
0 days 00:02:25.555000,0.09070134012999999,-0.031655840500000004,0.08293365015700001,Glass,2
0 days 00:02:25.766000,0.09560646033000002,-0.05277269850000001,0.082543096057,Glass,2
0 days 00:02:25.977000,0.10420314058,-0.08992621849999997,0.08870666900700001,Glass,2
0 days 00:02:26.150000,0.09819369438,-0.10219949449999997,0.08824279230700002,Glass,2
0 days 00:02:26.362000,0.09646837288,-0.021839610500000006,0.08328829090700002,Glass,2
0 days 00:02:26.573000,0.09111882887999999,-0.03168875850000001,0.08739584310699999,Glass,2
0 days 00:02:26.756000,0.08887426488,-0.047246581499999996,0.09957035910700003,Glass,2
0 days 00:02:26.976000,0.08655488087999999,-0.041579804500000005,0.090948240307,Glass,2
0 days 00:02:27.149000,0.07994838048,-0.03573046950000002,0.077848964307,Glass,2
0 days 00:02:27.360000,0.08537573647999999,0.06216544549999997,0.069967551307,Glass,2
0 days 00:02:27.571000,0.07369053548000001,-0.015628154500000047,0.084183124507,Glass,2
0 days 00:02:27.744000,0.058746227479999996,-0.004921585500000043,0.09767295470700002,Glass,2
0 days 00:02:27.955000,0.06462249648,-0.00638055210000005,0.110330799907,Glass,2
0 days 00:02:28.166000,0.055104048380000006,-0.0015741911000000553,0.09050830630699998,Glass,2
0 days 00:02:28.342000,0.04475960117999999,-0.012906247400000036,0.10331129960699999,Glass,2
0 days 00:02:28.551000,0.030306104820000006,-0.08035240340000005,0.10127772420700001,Glass,2
0 days 00:02:28.762000,0.011112088820000008,-0.021746835400000046,0.11655871740700001,Glass,2
0 days 00:02:28.981000,0.0035314468200000103,-0.06073790740000007,0.10636540380700002,Glass,2
0 days 00:02:29.145000,0.006552630099999981,-0.023774425400000014,0.106112516207,Glass,2
0 days 00:02:29.357000,-0.003574842699999996,-0.03558532170000003,0.110876977527,Glass,2
0 days 00:02:29.568000,0.00217273829999998,-0.05115062670000001,0.097982704727,Glass,2
0 days 00:02:29.740000,-0.012671312399999994,-0.029504049699999976,0.12155362112699997,Glass,2
0 days 00:02:29.953000,-0.027756279400000014,-0.07489811409999998,0.115693812127,Glass,2
0 days 00:02:30.164000,-0.02287061139999999,-0.059546792099999996,0.117191684557,Glass,2
0 days 00:02:30.339000,-0.035456630500000016,-0.07068132509999998,0.137723460157,Glass,2
0 days 00:02:30.547000,-0.015849615499999983,-0.07662792309999998,0.127440363657,Glass,2
0 days 00:02:30.758000,-0.018733132299999986,-0.0008798681000000031,0.113576439357,Glass,2
0 days 00:02:30.970000,-0.02962076429999998,-0.06471676609999999,0.117538843187,Glass,2
0 days 00:02:31.143000,-0.01809717259999999,-0.0224157091,0.133740107187,Glass,2
0 days 00:02:31.354000,-0.03706822819999997,-0.10488398310000005,0.18502091684700006,Glass,2
0 days 00:02:31.566000,-0.029361891699999965,-0.10223539809999999,0.16686538544700005,Glass,2
0 days 00:02:31.738000,-0.032649429699999975,-0.07844900310000001,0.16623391474700003,Glass,2
0 days 00:02:31.971000,-0.046550762999999995,-0.1261834001,0.156549369047,Glass,2
0 days 00:02:32.142000,-0.0337642297,-0.050918677100000025,0.16935086604700003,Glass,2
0 days 00:02:32.353000,-0.04588487570000001,-0.08781931209999999,0.164997908547,Glass,2
0 days 00:02:32.565000,-0.0374153877,-0.10264241310000005,0.154375135547,Glass,2
0 days 00:02:32.738000,-0.03066224240000001,-0.11502642160000003,0.164104572747,Glass,2
0 days 00:02:32.948000,-0.05738602240000001,-0.16315436460000005,0.15441553744699998,Glass,2
0 days 00:02:33.160000,-0.04273799680000002,-0.09451410060000004,0.16214282334700003,Glass,2
0 days 00:02:33.335000,-0.04706252380000002,-0.17040131860000007,0.164667209747,Glass,2
0 days 00:02:33.544000,-0.04889109535000003,-0.14425364560000004,0.194584255747,Glass,2
0 days 00:02:33.756000,-0.04279037135000001,-0.14247595060000007,0.20244172616699999,Glass,2
0 days 00:02:33.967000,-0.045982141550000015,-0.11705401670000008,0.21365107896699997,Glass,2
0 days 00:02:34.141000,-0.04563198925000001,-0.14386757870000005,0.21431546986699998,Glass,2
0 days 00:02:34.351000,-0.03781641725000001,-0.16556802400000006,0.20396952663599996,Glass,2
0 days 00:02:34.562000,-0.036985928450000025,-0.09525181900000007,0.187015586436,Glass,2
0 days 00:02:34.735000,-0.03189974645,-0.11548282300000007,0.185619467436,Glass,2
0 days 00:02:34.946000,-0.02574365555000001,-0.11153538300000006,0.192840978336,Glass,2
0 days 00:02:35.157000,-0.03717746475,-0.14216470500000003,0.19699042893599997,Glass,2
0 days 00:02:35.333000,-0.025137623150000014,-0.16699257660000008,0.17575236413600007,Glass,2
0 days 00:02:35.542000,-0.01485303085000001,-0.12808380660000002,0.17482311443600002,Glass,2
0 days 00:02:35.753000,0.006582556549999991,-0.16540043260000004,0.18202517233600005,Glass,2
0 days 00:02:35.965000,0.00314388455,-0.1617627432,0.18785954243600003,Glass,2
0 days 00:02:36.137000,-0.02461688445,-0.14607922480000007,0.21273380173599998,Glass,2
0 days 00:02:36.349000,-0.042844240749999984,-0.1653286062000001,0.20763864173600002,Glass,2
0 days 00:02:36.560000,-0.05245546434999999,-0.15332467750000006,0.20419248773600004,Glass,2
0 days 00:02:36.733000,-0.032097268349999986,-0.20664504750000007,0.20758926133600003,Glass,2
0 days 00:02:36.963000,-0.007047932349999991,-0.16966510650000002,0.22213852583600002,Glass,2
0 days 00:02:37.136000,-0.022083519349999983,-0.2075862710000001,0.215136981836,Glass,2
0 days 00:02:37.347000,-0.04096778534999999,-0.2278337340000001,0.20870555783600003,Glass,2
0 days 00:02:37.557000,-0.04345775494999998,-0.18396447600000002,0.212186128416,Glass,2
0 days 00:02:37.731000,-0.044515692799999985,-0.21870883200000005,0.20767006561600002,Glass,2
0 days 00:02:37.944000,-0.04588188409999998,-0.18435802400000006,0.22890214653900007,Glass,2
0 days 00:02:38.154000,-0.0682063191,-0.2196036660000001,0.22697930293900004,Glass,2
0 days 00:02:38.327000,-0.08574983215,-0.21060895100000004,0.23599796153900005,Glass,2
0 days 00:02:38.538000,-0.08919449005,-0.21163845760000008,0.23944860456900002,Glass,2
0 days 00:02:38.749000,-0.0769840622,-0.2548268646000001,0.254140024969,Glass,2
0 days 00:02:38.960000,-0.07402423035,-0.22405089860000008,0.27037570536899996,Glass,2
0 days 00:02:39.133000,-0.09172037385,-0.2553086966,0.263448980469,Glass,2
0 days 00:02:39.344000,-0.11098471904999999,-0.21700446180000008,0.268900278469,Glass,2
0 days 00:02:39.555000,-0.13068600645,-0.24504804630000002,0.25330654346900006,Glass,2
0 days 00:02:39.728000,-0.11986421444999999,-0.24560619330000003,0.262220455709,Glass,2
0 days 00:02:39.939000,-0.10562170744999999,-0.22576424630000003,0.265478066509,Glass,2
0 days 00:02:40.150000,-0.10803835474999998,-0.2593608813,0.281386040509,Glass,2
0 days 00:02:40.324000,-0.11331308035,-0.23908498669999997,0.28681040390900003,Glass,2
0 days 00:02:40.534000,-0.11296292839999998,-0.2899438157,0.277190202209,Glass,2
0 days 00:02:40.751000,-0.10862044539999999,-0.29260586920000003,0.27524491420900005,Glass,2
0 days 00:02:40.938000,-0.0976355487,-0.2667110799,0.266075121909,Glass,2
0 days 00:02:41.149000,-0.11722460770000001,-0.2719723385,0.280159013709,Glass,2
0 days 00:02:41.320000,-0.11298238120000001,-0.2575966525,0.28487858386900006,Glass,2
0 days 00:02:41.547000,-0.12674006250000003,-0.25199422030000007,0.26948835586900005,Glass,2
0 days 00:02:41.720000,-0.12465561050000003,-0.23404818130000005,0.27308564346900005,Glass,2
0 days 00:02:41.945000,-0.1190382145,-0.25678262279999997,0.265210216769,Glass,2
0 days 00:02:42.137000,-0.11282825380000001,-0.23114371580000004,0.282022001869,Glass,2
0 days 00:02:42.320000,-0.10825083940000002,-0.2201258993,0.287367056969,Glass,2
0 days 00:02:42.540000,-0.09586982400000002,-0.20086005770000004,0.284476058569,Glass,2
0 days 00:02:42.732000,-0.09012822930000003,-0.17020978800000006,0.28483518886899994,Glass,2
0 days 00:02:42.936000,-0.08372373970000002,-0.1847410958000001,0.263793148469,Glass,2
0 days 00:02:43.147000,-0.08549245650000004,-0.15625308840000002,0.259995345969,Glass,2
0 days 00:02:43.320000,-0.08368932360000005,-0.15521310710000003,0.25328260284899995,Glass,2
0 days 00:02:43.531000,-0.08181286760000002,-0.19221250340000004,0.253966446749,Glass,2
0 days 00:02:43.742000,-0.07527819340000003,-0.16385916840000006,0.26720937474900003,Glass,2
0 days 00:02:43.953000,-0.07434595110000003,-0.2340436924,0.28070070104899997,Glass,2
0 days 00:02:44.126000,-0.08731204987000003,-0.21128680466000002,0.27350462839899997,Glass,2
0 days 00:02:44.338000,-0.09314492343000003,-0.22542606166,0.271447111329,Glass,2
0 days 00:02:44.549000,-0.07623737013000004,-0.24231416213000007,0.27712286564499994,Glass,2
0 days 00:02:44.721000,-0.07318027381000003,-0.21998523763000002,0.28488157582499996,Glass,2
0 days 00:02:44.933000,-0.08078635311000003,-0.20370316863000004,0.28621335044499996,Glass,2
0 days 00:02:45.127000,-0.08693047278600002,-0.18101661112999998,0.2800602515849999,Glass,2
0 days 00:02:45.336000,-0.08654740048600001,-0.21986702333,0.27961133873899996,Glass,2
0 days 00:02:45.547000,-0.072150766486,-0.23089082559000002,0.276986695739,Glass,2
0 days 00:02:45.720000,-0.06710349018600001,-0.20753987829,0.272391324939,Glass,2
0 days 00:02:45.932000,-0.064032926436,-0.21786936204,0.26913521068900004,Glass,2
0 days 00:02:46.143000,-0.069596452536,-0.18975544894,0.26322003618900003,Glass,2
0 days 00:02:46.316000,-0.078336785036,-0.25514558697,0.262787583489,Glass,2
0 days 00:02:46.527000,-0.060426660636,-0.25925313927,0.258805726889,Glass,2
0 days 00:02:46.737000,-0.052021516336000016,-0.24090756777,0.24805127173900002,Glass,2
0 days 00:02:46.948000,-0.06594828793600001,-0.22748208203999998,0.24660128336899997,Glass,2
0 days 00:02:47.122000,-0.06178686602000001,-0.20488530754,0.24592791416899998,Glass,2
0 days 00:02:47.333000,-0.06993014467,-0.28915671794,0.24514830236899995,Glass,2
0 days 00:02:47.545000,-0.051743189670000016,-0.27508030813999995,0.234082600849,Glass,2
0 days 00:02:47.717000,-0.041066546069999994,-0.26327090754,0.21896321714900002,Glass,2
0 days 00:02:47.929000,-0.056031803510000006,-0.26929980659999997,0.221674650649,Glass,2
0 days 00:02:48.140000,-0.05463718105000002,-0.2475978648,0.22882732797900002,Glass,2
0 days 00:02:48.314000,-0.05772270865,-0.23305159279999998,0.208909066629,Glass,2
0 days 00:02:48.525000,-0.042717049550000004,-0.2111476406,0.203775000029,Glass,2
0 days 00:02:48.735000,-0.03211522478000001,-0.24172309267,0.18963873452899999,Glass,2
0 days 00:02:48.946000,-0.035708023180000006,-0.22263831227,0.20347422742899998,Glass,2
0 days 00:02:49.120000,-0.03966444158,-0.20991462677,0.20507385347899995,Glass,2
0 days 00:02:49.331000,-0.03656694318000001,-0.21363761047000007,0.19631406817899996,Glass,2
0 days 00:02:49.523000,-0.026861447680000018,-0.18390012807,0.20298491277899994,Glass,2
0 days 00:02:49.735000,-0.010803835980000003,-0.19119795437,0.17733104091899998,Glass,2
0 days 00:02:49.947000,-0.020690392699999997,-0.18624046037,0.16999281221899998,Glass,2
0 days 00:02:50.119000,-0.021495443080000013,-0.16952294732000003,0.16829143268900001,Glass,2
0 days 00:02:50.330000,-0.013066356680000002,-0.19326145822000004,0.162087457289,Glass,2
0 days 00:02:50.542000,-0.015267525879999995,-0.17229124392000006,0.16633866178900003,Glass,2
0 days 00:02:50.714000,-0.011303625639999995,-0.24144177622000007,0.17630153358900003,Glass,2
0 days 00:02:50.925000,-0.023279123369999998,-0.21932533922000005,0.173151661949,Glass,2
0 days 00:02:51.137000,-0.03132962613999999,-0.23599197642000003,0.166860896941,Glass,2
0 days 00:02:51.312000,-0.02081010223999999,-0.25253142142,0.169029145881,Glass,2
0 days 00:02:51.520000,-0.022147862439999985,-0.22798337142000002,0.170580887831,Glass,2
0 days 00:02:51.732000,-0.023939024639999976,-0.24430733822,0.16722750898100003,Glass,2
0 days 00:02:51.943000,-0.02680159193999998,-0.22097733762000002,0.16748189288100004,Glass,2
0 days 00:02:52.115000,-0.03329586393999999,-0.26189274722000006,0.158054723981,Glass,2
0 days 00:02:52.329000,-0.022176293539999996,-0.25028835077000006,0.150222691651,Glass,2
0 days 00:02:52.539000,-0.01736993363999998,-0.22505346517000002,0.14494646964299998,Glass,2
0 days 00:02:52.712000,-0.025164556739999983,-0.21813571877000004,0.142918880203,Glass,2
0 days 00:02:52.941000,-0.015936405539999986,-0.18992753407000007,0.14003237070299998,Glass,2
0 days 00:02:53.115000,-0.02889651891599999,-0.25018210677,0.13626150290300001,Glass,2
0 days 00:02:53.326000,-0.011994951521999996,-0.23299922004000007,0.12593351550300003,Glass,2
0 days 00:02:53.508000,-0.009575311521999991,-0.22161628753999998,0.109423999253,Glass,2
